series,fund,lag,cost_bps,deployment,cap,harvest,rebalance,horizon_years,cohorts,min_terminal_multiple,median_terminal_multiple,min_cagr,median_cagr,cohort_kind
NO_RESERVE,UPRO,LAG1,0,staged,0.15,0.1,rule,20,240,3.74104367728,16.0724609598,0.0681927817763,0.14895780929,inherited_policy_state
NO_RESERVE,UPRO,LAG1,0,staged,0.15,0.1,rule,30,120,67.6692458146,151.438829565,0.150827577942,0.182163949203,inherited_policy_state
FIXED_90_10,UPRO,LAG1,0,staged,0.15,0.1,quarterly,20,240,3.7885034049,14.6085919715,0.0688662989256,0.143484313731,inherited_policy_state
FIXED_90_10,UPRO,LAG1,0,staged,0.15,0.1,quarterly,30,120,57.4374001879,117.778477025,0.144556273465,0.172282708093,inherited_policy_state
FIXED_85_15,UPRO,LAG1,0,staged,0.15,0.1,quarterly,20,240,3.77475619442,13.7241733179,0.0686720359805,0.139919803736,inherited_policy_state
FIXED_85_15,UPRO,LAG1,0,staged,0.15,0.1,quarterly,30,120,52.1923678917,102.430272583,0.140908863982,0.166831507815,inherited_policy_state
HWM_RESERVE,UPRO,LAG1,0,staged,0.15,0.1,rule,20,240,3.71145993235,15.7418589339,0.0677688297872,0.147753669225,inherited_policy_state
HWM_RESERVE,UPRO,LAG1,0,staged,0.15,0.1,rule,30,120,66.3736576112,145.690212178,0.150086274604,0.180613544901,inherited_policy_state
ASYMMETRIC_RESERVE_BAND,UPRO,LAG1,0,staged,0.2,0.1,rule,20,240,3.65892894772,14.8034968224,0.0670080569986,0.144242813104,inherited_policy_state
ASYMMETRIC_RESERVE_BAND,UPRO,LAG1,0,staged,0.2,0.1,rule,30,120,64.0965742928,130.896810977,0.148748822348,0.176433807325,inherited_policy_state
HWM_DRAWDOWN,UPRO,LAG1,0,drawdown,0.15,0.1,rule,20,240,4.41727174002,15.5660682747,0.0771041664802,0.147109310931,inherited_policy_state
HWM_DRAWDOWN,UPRO,LAG1,0,drawdown,0.15,0.1,rule,30,120,64.8316439896,137.723530576,0.149185520932,0.178411625634,inherited_policy_state
BAND_DRAWDOWN,UPRO,LAG1,0,drawdown,0.2,0.1,rule,20,240,4.12564066531,15.5090141148,0.0734320793237,0.146909479881,inherited_policy_state
BAND_DRAWDOWN,UPRO,LAG1,0,drawdown,0.2,0.1,rule,30,120,63.0353513462,134.18622907,0.148109742292,0.177381127232,inherited_policy_state
SP500_1X,UPRO,LAG1,0,none,0,0,none,20,240,2.54826487138,5.38753021325,0.0478816333553,0.0878386329462,inherited_policy_state
SP500_1X,UPRO,LAG1,0,none,0,0,none,30,120,14.5499731976,18.9771505948,0.0933527571049,0.103071862813,inherited_policy_state
UPRO_ALWAYS,UPRO,LAG1,0,none,0,0,none,20,240,0.523173451691,3.26217003541,-0.0318731056722,0.0609021503929,inherited_policy_state
UPRO_ALWAYS,UPRO,LAG1,0,none,0,0,none,30,120,9.37556990637,33.7358413575,0.077453271565,0.124421688364,inherited_policy_state
UPRO_SMA_TO_TBILL,UPRO,LAG1,0,none,0,0,none,20,240,4.10737897839,15.7639261551,0.0731940070285,0.147844921996,inherited_policy_state
UPRO_SMA_TO_TBILL,UPRO,LAG1,0,none,0,0,none,30,120,61.9067981874,122.777053104,0.147389808769,0.173890003038,inherited_policy_state
NO_RESERVE,UPRO,LAG1,10,staged,0.15,0.1,rule,20,240,3.26185510744,14.1400613771,0.0608970292312,0.141610563554,inherited_policy_state
NO_RESERVE,UPRO,LAG1,10,staged,0.15,0.1,rule,30,120,56.7436494663,126.284851592,0.144092770109,0.175019120847,inherited_policy_state
FIXED_90_10,UPRO,LAG1,10,staged,0.15,0.1,quarterly,20,240,3.35089661045,12.9760739343,0.0623265885789,0.136718581746,inherited_policy_state
FIXED_90_10,UPRO,LAG1,10,staged,0.15,0.1,quarterly,30,120,49.0417805702,100.042920217,0.138543521361,0.165939188523,inherited_policy_state
FIXED_85_15,UPRO,LAG1,10,staged,0.15,0.1,quarterly,20,240,3.36246595068,12.3015569705,0.0625096784818,0.133698989346,inherited_policy_state
FIXED_85_15,UPRO,LAG1,10,staged,0.15,0.1,quarterly,30,120,44.9644300594,87.7548395509,0.135254213563,0.160856810754,inherited_policy_state
HWM_RESERVE,UPRO,LAG1,10,staged,0.15,0.1,rule,20,240,3.25221962423,13.8740342698,0.0607401150507,0.140518422194,inherited_policy_state
HWM_RESERVE,UPRO,LAG1,10,staged,0.15,0.1,rule,30,120,55.9824313403,122.383391914,0.143577845403,0.173790795623,inherited_policy_state
ASYMMETRIC_RESERVE_BAND,UPRO,LAG1,10,staged,0.2,0.1,rule,20,240,3.19313196318,12.9908128762,0.0597681015731,0.136793773991,inherited_policy_state
ASYMMETRIC_RESERVE_BAND,UPRO,LAG1,10,staged,0.2,0.1,rule,30,120,53.7794785152,109.38621178,0.142048604229,0.169414458322,inherited_policy_state
HWM_DRAWDOWN,UPRO,LAG1,10,drawdown,0.15,0.1,rule,20,240,3.9093591271,13.8750870258,0.0705458651365,0.140532543462,inherited_policy_state
HWM_DRAWDOWN,UPRO,LAG1,10,drawdown,0.15,0.1,rule,30,120,55.5984581686,117.570799993,0.143315533728,0.172205300151,inherited_policy_state
BAND_DRAWDOWN,UPRO,LAG1,10,drawdown,0.2,0.1,rule,20,240,3.62835674881,13.702595713,0.0665605085765,0.139829488777,inherited_policy_state
BAND_DRAWDOWN,UPRO,LAG1,10,drawdown,0.2,0.1,rule,30,120,53.5399955832,113.38326423,0.141878725908,0.17079128781,inherited_policy_state
SP500_1X,UPRO,LAG1,10,none,0,0,none,20,240,2.54826487138,5.38753021325,0.0478816333553,0.0878386329462,inherited_policy_state
SP500_1X,UPRO,LAG1,10,none,0,0,none,30,120,14.5499731976,18.9771505948,0.0933527571049,0.103071862813,inherited_policy_state
UPRO_ALWAYS,UPRO,LAG1,10,none,0,0,none,20,240,0.523173451691,3.26217003541,-0.0318731056722,0.0609021503929,inherited_policy_state
UPRO_ALWAYS,UPRO,LAG1,10,none,0,0,none,30,120,9.37556990637,33.7358413575,0.077453271565,0.124421688364,inherited_policy_state
UPRO_SMA_TO_TBILL,UPRO,LAG1,10,none,0,0,none,20,240,3.58126668775,13.848367857,0.0658640961344,0.140432964521,inherited_policy_state
UPRO_SMA_TO_TBILL,UPRO,LAG1,10,none,0,0,none,30,120,51.2920585587,102.236445089,0.140220037566,0.166740892493,inherited_policy_state
NO_RESERVE,UPRO,LAG1,25,staged,0.15,0.1,rule,20,240,2.65497646623,11.5935318099,0.0500332071595,0.130325110278,inherited_policy_state
NO_RESERVE,UPRO,LAG1,25,staged,0.15,0.1,rule,30,120,43.5574556772,96.2854755483,0.134051882478,0.164443876979,inherited_policy_state
FIXED_90_10,UPRO,LAG1,25,staged,0.15,0.1,quarterly,20,240,2.78684435585,10.8267939486,0.0525812650291,0.126473901281,inherited_policy_state
FIXED_90_10,UPRO,LAG1,25,staged,0.15,0.1,quarterly,30,120,38.682076001,78.3811158539,0.129573715166,0.156485587822,inherited_policy_state
FIXED_85_15,UPRO,LAG1,25,staged,0.15,0.1,quarterly,20,240,2.82639929027,10.3814306074,0.053323262848,0.124110718726,inherited_policy_state
FIXED_85_15,UPRO,LAG1,25,staged,0.15,0.1,quarterly,30,120,35.9469450649,69.7660218678,0.126816073856,0.152012912199,inherited_policy_state
HWM_RESERVE,UPRO,LAG1,25,staged,0.15,0.1,rule,20,240,2.66300249096,11.4223434012,0.0501916928351,0.129483249204,inherited_policy_state
HWM_RESERVE,UPRO,LAG1,25,staged,0.15,0.1,rule,30,120,43.2862292168,94.1099449736,0.133815795592,0.163557087366,inherited_policy_state
ASYMMETRIC_RESERVE_BAND,UPRO,LAG1,25,staged,0.2,0.1,rule,20,240,2.60256613607,10.6345779464,0.0489869581482,0.125475218152,inherited_policy_state
ASYMMETRIC_RESERVE_BAND,UPRO,LAG1,25,staged,0.2,0.1,rule,30,120,41.3189594555,83.6070472645,0.13205932849,0.158969005533,inherited_policy_state
HWM_DRAWDOWN,UPRO,LAG1,25,drawdown,0.15,0.1,rule,20,240,3.24898148511,11.6374234096,0.060687282678,0.130555677238,inherited_policy_state
HWM_DRAWDOWN,UPRO,LAG1,25,drawdown,0.15,0.1,rule,30,120,44.0776635494,93.2227061939,0.134500743217,0.163190169053,inherited_policy_state
BAND_DRAWDOWN,UPRO,LAG1,25,drawdown,0.2,0.1,rule,20,240,2.99157379701,11.3849568646,0.0563187434442,0.129307826476,inherited_policy_state
BAND_DRAWDOWN,UPRO,LAG1,25,drawdown,0.2,0.1,rule,30,120,41.8944273487,88.0332913949,0.132581355591,0.160955598569,inherited_policy_state
SP500_1X,UPRO,LAG1,25,none,0,0,none,20,240,2.54826487138,5.38753021325,0.0478816333553,0.0878386329462,inherited_policy_state
SP500_1X,UPRO,LAG1,25,none,0,0,none,30,120,14.5499731976,18.9771505948,0.0933527571049,0.103071862813,inherited_policy_state
UPRO_ALWAYS,UPRO,LAG1,25,none,0,0,none,20,240,0.523173451691,3.26217003541,-0.0318731056722,0.0609021503929,inherited_policy_state
UPRO_ALWAYS,UPRO,LAG1,25,none,0,0,none,30,120,9.37556990637,33.7358413575,0.077453271565,0.124421688364,inherited_policy_state
UPRO_SMA_TO_TBILL,UPRO,LAG1,25,none,0,0,none,20,240,2.91496049397,11.4293594235,0.0549494101904,0.12953862741,inherited_policy_state
UPRO_SMA_TO_TBILL,UPRO,LAG1,25,none,0,0,none,30,120,38.6691265457,78.1245639134,0.129535997258,0.156328897514,inherited_policy_state
NO_RESERVE,UPRO,LAG1,50,staged,0.15,0.1,rule,20,240,1.88258607001,8.32453106852,0.0321379390921,0.111761232861,inherited_policy_state
NO_RESERVE,UPRO,LAG1,50,staged,0.15,0.1,rule,30,120,28.0061588297,61.43286941,0.117479548619,0.147123551036,inherited_policy_state
FIXED_90_10,UPRO,LAG1,50,staged,0.15,0.1,quarterly,20,240,2.04862562778,8.00195162562,0.0365091256436,0.109574575789,inherited_policy_state
FIXED_90_10,UPRO,LAG1,50,staged,0.15,0.1,quarterly,30,120,26.0282562197,52.2744062894,0.114754796309,0.1409747021,inherited_policy_state
FIXED_85_15,UPRO,LAG1,50,staged,0.15,0.1,quarterly,20,240,2.11503715566,7.81569492298,0.0381638448894,0.108269068879,inherited_policy_state
FIXED_85_15,UPRO,LAG1,50,staged,0.15,0.1,quarterly,30,120,24.7389967423,47.5347544056,0.112868757245,0.137366046381,inherited_policy_state
HWM_RESERVE,UPRO,LAG1,50,staged,0.15,0.1,rule,20,240,1.8977164148,8.19494715422,0.0325511285658,0.110893480559,inherited_policy_state
HWM_RESERVE,UPRO,LAG1,50,staged,0.15,0.1,rule,30,120,28.031330743,60.1511134835,0.117513012214,0.146318151708,inherited_policy_state
ASYMMETRIC_RESERVE_BAND,UPRO,LAG1,50,staged,0.2,0.1,rule,20,240,1.84962566537,7.61333297558,0.0312268024075,0.106824395983,inherited_policy_state
ASYMMETRIC_RESERVE_BAND,UPRO,LAG1,50,staged,0.2,0.1,rule,30,120,26.6070357142,52.8744192843,0.115572283717,0.141402546637,inherited_policy_state
HWM_DRAWDOWN,UPRO,LAG1,50,drawdown,0.15,0.1,rule,20,240,2.37387294096,8.61879103447,0.0441739962871,0.113708251736,inherited_policy_state
HWM_DRAWDOWN,UPRO,LAG1,50,drawdown,0.15,0.1,rule,30,120,29.7822969157,62.6920134529,0.11977224258,0.147907671715,inherited_policy_state
BAND_DRAWDOWN,UPRO,LAG1,50,drawdown,0.2,0.1,rule,20,240,2.16692382914,8.35494540089,0.0394226643494,0.111972065793,inherited_policy_state
BAND_DRAWDOWN,UPRO,LAG1,50,drawdown,0.2,0.1,rule,30,120,27.808646308,57.7506090882,0.117215961419,0.144762995292,inherited_policy_state
SP500_1X,UPRO,LAG1,50,none,0,0,none,20,240,2.54826487138,5.38753021325,0.0478816333553,0.0878386329462,inherited_policy_state
SP500_1X,UPRO,LAG1,50,none,0,0,none,30,120,14.5499731976,18.9771505948,0.0933527571049,0.103071862813,inherited_policy_state
UPRO_ALWAYS,UPRO,LAG1,50,none,0,0,none,20,240,0.523173451691,3.26217003541,-0.0318731056722,0.0609021503929,inherited_policy_state
UPRO_ALWAYS,UPRO,LAG1,50,none,0,0,none,30,120,9.37556990637,33.7358413575,0.077453271565,0.124421688364,inherited_policy_state
UPRO_SMA_TO_TBILL,UPRO,LAG1,50,none,0,0,none,20,240,2.06693508978,8.17581838602,0.0369703573718,0.1107760744,inherited_policy_state
UPRO_SMA_TO_TBILL,UPRO,LAG1,50,none,0,0,none,30,120,24.1255666771,49.3352751363,0.111916238047,0.138756186952,inherited_policy_state
NO_RESERVE,UPRO,LAG2,0,staged,0.15,0.1,rule,20,240,4.32396250105,14.3759444443,0.0759549699477,0.142567374668,inherited_policy_state
NO_RESERVE,UPRO,LAG2,0,staged,0.15,0.1,rule,30,120,30.5330956507,135.64568507,0.120701886521,0.177812723234,inherited_policy_state
FIXED_90_10,UPRO,LAG2,0,staged,0.15,0.1,quarterly,20,240,4.31006835813,13.32986827,0.0757818378094,0.138249182624,inherited_policy_state
FIXED_90_10,UPRO,LAG2,0,staged,0.15,0.1,quarterly,30,120,30.857149983,107.680099972,0.121096323784,0.168793046074,inherited_policy_state
FIXED_85_15,UPRO,LAG2,0,staged,0.15,0.1,quarterly,20,240,4.26206292804,12.8835470124,0.0751795435868,0.136316104188,inherited_policy_state
FIXED_85_15,UPRO,LAG2,0,staged,0.15,0.1,quarterly,30,120,30.0783129821,94.3594001286,0.120141447853,0.16365992897,inherited_policy_state
HWM_RESERVE,UPRO,LAG2,0,staged,0.15,0.1,rule,20,240,4.27518702187,14.0805973206,0.0753448409961,0.141382063245,inherited_policy_state
HWM_RESERVE,UPRO,LAG2,0,staged,0.15,0.1,rule,30,120,31.4685886082,130.776652444,0.121829778403,0.17638028778,inherited_policy_state
ASYMMETRIC_RESERVE_BAND,UPRO,LAG2,0,staged,0.2,0.1,rule,20,240,4.24925363027,14.2473793806,0.0750177440703,0.142053842269,inherited_policy_state
ASYMMETRIC_RESERVE_BAND,UPRO,LAG2,0,staged,0.2,0.1,rule,30,120,34.5264690822,121.807719059,0.125302799819,0.173606462052,inherited_policy_state
HWM_DRAWDOWN,UPRO,LAG2,0,drawdown,0.15,0.1,rule,20,240,5.06336802686,14.8729012514,0.0844810677307,0.144499923831,inherited_policy_state
HWM_DRAWDOWN,UPRO,LAG2,0,drawdown,0.15,0.1,rule,30,120,33.6465260494,130.447801609,0.124334883567,0.176290059461,inherited_policy_state
BAND_DRAWDOWN,UPRO,LAG2,0,drawdown,0.2,0.1,rule,20,240,5.06357147587,15.1961135087,0.0844832464425,0.145740560941,inherited_policy_state
BAND_DRAWDOWN,UPRO,LAG2,0,drawdown,0.2,0.1,rule,30,120,33.6785655213,130.30448618,0.124370553305,0.176246441315,inherited_policy_state
SP500_1X,UPRO,LAG2,0,none,0,0,none,20,240,2.54826487138,5.38753021325,0.0478816333553,0.0878386329462,inherited_policy_state
SP500_1X,UPRO,LAG2,0,none,0,0,none,30,120,14.5499731976,18.9771505948,0.0933527571049,0.103071862813,inherited_policy_state
UPRO_ALWAYS,UPRO,LAG2,0,none,0,0,none,20,240,0.523173451691,3.26217003541,-0.0318731056722,0.0609021503929,inherited_policy_state
UPRO_ALWAYS,UPRO,LAG2,0,none,0,0,none,30,120,9.37556990637,33.7358413575,0.077453271565,0.124421688364,inherited_policy_state
UPRO_SMA_TO_TBILL,UPRO,LAG2,0,none,0,0,none,20,240,4.04321303659,14.2615169508,0.0723391921531,0.142110043183,inherited_policy_state
UPRO_SMA_TO_TBILL,UPRO,LAG2,0,none,0,0,none,30,120,21.6563818524,100.990901259,0.107943205852,0.166281174866,inherited_policy_state
NO_RESERVE,UPRO,LAG2,10,staged,0.15,0.1,rule,20,240,3.77010812627,12.606511446,0.0686062016876,0.135088231431,inherited_policy_state
NO_RESERVE,UPRO,LAG2,10,staged,0.15,0.1,rule,30,120,25.6033484025,112.558545653,0.114143378549,0.170511976632,inherited_policy_state
FIXED_90_10,UPRO,LAG2,10,staged,0.15,0.1,quarterly,20,240,3.81229608668,11.9381771431,0.0692009381907,0.132001180143,inherited_policy_state
FIXED_90_10,UPRO,LAG2,10,staged,0.15,0.1,quarterly,30,120,26.3488480699,91.0486420845,0.115209756397,0.162267168027,inherited_policy_state
FIXED_85_15,UPRO,LAG2,10,staged,0.15,0.1,quarterly,20,240,3.79665435345,11.5707935374,0.0689811646404,0.130230741974,inherited_policy_state
FIXED_85_15,UPRO,LAG2,10,staged,0.15,0.1,quarterly,30,120,25.9155050524,80.6031338182,0.114593499719,0.157556187909,inherited_policy_state
HWM_RESERVE,UPRO,LAG2,10,staged,0.15,0.1,rule,20,240,3.73138632476,12.3958065622,0.0680547376138,0.13413226579,inherited_policy_state
HWM_RESERVE,UPRO,LAG2,10,staged,0.15,0.1,rule,30,120,26.4483578439,108.601310976,0.115349885416,0.169117228543,inherited_policy_state
ASYMMETRIC_RESERVE_BAND,UPRO,LAG2,10,staged,0.2,0.1,rule,20,240,3.70869875354,12.5501275418,0.0677290968639,0.134833959245,inherited_policy_state
ASYMMETRIC_RESERVE_BAND,UPRO,LAG2,10,staged,0.2,0.1,rule,30,120,28.9762705231,101.36373853,0.118748654175,0.166432220654,inherited_policy_state
HWM_DRAWDOWN,UPRO,LAG2,10,drawdown,0.15,0.1,rule,20,240,4.43168177389,13.1259249456,0.0772795814041,0.137372359649,inherited_policy_state
HWM_DRAWDOWN,UPRO,LAG2,10,drawdown,0.15,0.1,rule,30,120,28.4907984401,110.323067754,0.118118778685,0.169730091853,inherited_policy_state
BAND_DRAWDOWN,UPRO,LAG2,10,drawdown,0.2,0.1,rule,20,240,4.45540849969,13.4893312085,0.0775672322498,0.138935090907,inherited_policy_state
BAND_DRAWDOWN,UPRO,LAG2,10,drawdown,0.2,0.1,rule,30,120,28.5797150254,109.975134621,0.118234915728,0.169607020725,inherited_policy_state
SP500_1X,UPRO,LAG2,10,none,0,0,none,20,240,2.54826487138,5.38753021325,0.0478816333553,0.0878386329462,inherited_policy_state
SP500_1X,UPRO,LAG2,10,none,0,0,none,30,120,14.5499731976,18.9771505948,0.0933527571049,0.103071862813,inherited_policy_state
UPRO_ALWAYS,UPRO,LAG2,10,none,0,0,none,20,240,0.523173451691,3.26217003541,-0.0318731056722,0.0609021503929,inherited_policy_state
UPRO_ALWAYS,UPRO,LAG2,10,none,0,0,none,30,120,9.37556990637,33.7358413575,0.077453271565,0.124421688364,inherited_policy_state
UPRO_SMA_TO_TBILL,UPRO,LAG2,10,none,0,0,none,20,240,3.50772835132,12.5181553367,0.0647498012032,0.13467945531,inherited_policy_state
UPRO_SMA_TO_TBILL,UPRO,LAG2,10,none,0,0,none,30,120,18.1598320737,84.6003682082,0.101459363507,0.159417568888,inherited_policy_state
NO_RESERVE,UPRO,LAG2,25,staged,0.15,0.1,rule,20,240,3.06866737506,10.3929575835,0.0576634359715,0.124176596133,inherited_policy_state
NO_RESERVE,UPRO,LAG2,25,staged,0.15,0.1,rule,30,120,19.6535951374,85.4120597075,0.104365335404,0.159794471049,inherited_policy_state
FIXED_90_10,UPRO,LAG2,25,staged,0.15,0.1,quarterly,20,240,3.17067756882,10.0667567325,0.0593942319318,0.122390316104,inherited_policy_state
FIXED_90_10,UPRO,LAG2,25,staged,0.15,0.1,quarterly,30,120,20.7853320743,70.8417214385,0.106428178862,0.152586395697,inherited_policy_state
FIXED_85_15,UPRO,LAG2,25,staged,0.15,0.1,quarterly,20,240,3.19150196546,9.84714841609,0.059741046027,0.121154612935,inherited_policy_state
FIXED_85_15,UPRO,LAG2,25,staged,0.15,0.1,quarterly,30,120,20.7213951128,63.5028440768,0.106314566994,0.148392536997,inherited_policy_state
HWM_RESERVE,UPRO,LAG2,25,staged,0.15,0.1,rule,20,240,3.0603442244,10.3211937301,0.0575198157531,0.123792733347,inherited_policy_state
HWM_RESERVE,UPRO,LAG2,25,staged,0.15,0.1,rule,30,120,20.4938821029,82.9291414477,0.1059075242,0.158654499003,inherited_policy_state
ASYMMETRIC_RESERVE_BAND,UPRO,LAG2,25,staged,0.2,0.1,rule,20,240,3.02326126695,10.3134077593,0.0568753870821,0.123749582747,inherited_policy_state
ASYMMETRIC_RESERVE_BAND,UPRO,LAG2,25,staged,0.2,0.1,rule,30,120,22.2708982103,77.1911352261,0.108977005615,0.155888748506,inherited_policy_state
HWM_DRAWDOWN,UPRO,LAG2,25,drawdown,0.15,0.1,rule,20,240,3.61682953345,10.9288011425,0.0663908303296,0.127011905898,inherited_policy_state
HWM_DRAWDOWN,UPRO,LAG2,25,drawdown,0.15,0.1,rule,30,120,22.1230033789,85.1427180788,0.108730745244,0.159672368964,inherited_policy_state
BAND_DRAWDOWN,UPRO,LAG2,25,drawdown,0.2,0.1,rule,20,240,3.67635105192,11.2667409926,0.0672615138306,0.128728122145,inherited_policy_state
BAND_DRAWDOWN,UPRO,LAG2,25,drawdown,0.2,0.1,rule,30,120,22.33422003,85.3074129017,0.109081960099,0.159747058446,inherited_policy_state
SP500_1X,UPRO,LAG2,25,none,0,0,none,20,240,2.54826487138,5.38753021325,0.0478816333553,0.0878386329462,inherited_policy_state
SP500_1X,UPRO,LAG2,25,none,0,0,none,30,120,14.5499731976,18.9771505948,0.0933527571049,0.103071862813,inherited_policy_state
UPRO_ALWAYS,UPRO,LAG2,25,none,0,0,none,20,240,0.523173451691,3.26217003541,-0.0318731056722,0.0609021503929,inherited_policy_state
UPRO_ALWAYS,UPRO,LAG2,25,none,0,0,none,30,120,9.37556990637,33.7358413575,0.077453271565,0.124421688364,inherited_policy_state
UPRO_SMA_TO_TBILL,UPRO,LAG2,25,none,0,0,none,20,240,2.83373375744,10.2557715647,0.0534522532311,0.123427103482,inherited_policy_state
UPRO_SMA_TO_TBILL,UPRO,LAG2,25,none,0,0,none,30,120,13.9398168446,64.8434415774,0.0917926389304,0.149185089811,inherited_policy_state
NO_RESERVE,UPRO,LAG2,50,staged,0.15,0.1,rule,20,240,2.17592529624,7.51805327368,0.039638129169,0.106127614635,inherited_policy_state
NO_RESERVE,UPRO,LAG2,50,staged,0.15,0.1,rule,30,120,12.6366817904,54.7737696749,0.0882268224105,0.142745809994,inherited_policy_state
FIXED_90_10,UPRO,LAG2,50,staged,0.15,0.1,quarterly,20,240,2.33090818442,7.55712126313,0.0432208499452,0.106414057478,inherited_policy_state
FIXED_90_10,UPRO,LAG2,50,staged,0.15,0.1,quarterly,30,120,13.9887602979,47.3205247633,0.0919201948732,0.137188439946,inherited_policy_state
FIXED_85_15,UPRO,LAG2,50,staged,0.15,0.1,quarterly,20,240,2.38841962739,7.47618799452,0.0444929947272,0.10579527756,inherited_policy_state
FIXED_85_15,UPRO,LAG2,50,staged,0.15,0.1,quarterly,30,120,14.2643001049,43.4124411406,0.0926303506634,0.133925830933,inherited_policy_state
HWM_RESERVE,UPRO,LAG2,50,staged,0.15,0.1,rule,20,240,2.19113886256,7.5791495926,0.0400003730565,0.106559910615,inherited_policy_state
HWM_RESERVE,UPRO,LAG2,50,staged,0.15,0.1,rule,30,120,13.3392165026,53.853288224,0.0901911012993,0.142093824151,inherited_policy_state
ASYMMETRIC_RESERVE_BAND,UPRO,LAG2,50,staged,0.2,0.1,rule,20,240,2.14918412963,7.45311854742,0.0389955350727,0.105640260324,inherited_policy_state
ASYMMETRIC_RESERVE_BAND,UPRO,LAG2,50,staged,0.2,0.1,rule,30,120,14.3500894,49.7052095769,0.0928487521055,0.139046771101,inherited_policy_state
HWM_DRAWDOWN,UPRO,LAG2,50,drawdown,0.15,0.1,rule,20,240,2.62397770559,8.08169375233,0.0494167868242,0.11012532543,inherited_policy_state
HWM_DRAWDOWN,UPRO,LAG2,50,drawdown,0.15,0.1,rule,30,120,14.7692716014,56.3155100469,0.0938980731792,0.14381013463,inherited_policy_state
BAND_DRAWDOWN,UPRO,LAG2,50,drawdown,0.2,0.1,rule,20,240,2.66677584909,8.31757102029,0.0502660465896,0.111723203335,inherited_policy_state
BAND_DRAWDOWN,UPRO,LAG2,50,drawdown,0.2,0.1,rule,30,120,14.7947225327,55.7510403649,0.0939608528338,0.143425959094,inherited_policy_state
SP500_1X,UPRO,LAG2,50,none,0,0,none,20,240,2.54826487138,5.38753021325,0.0478816333553,0.0878386329462,inherited_policy_state
SP500_1X,UPRO,LAG2,50,none,0,0,none,30,120,14.5499731976,18.9771505948,0.0933527571049,0.103071862813,inherited_policy_state
UPRO_ALWAYS,UPRO,LAG2,50,none,0,0,none,20,240,0.523173451691,3.26217003541,-0.0318731056722,0.0609021503929,inherited_policy_state
UPRO_ALWAYS,UPRO,LAG2,50,none,0,0,none,30,120,9.37556990637,33.7358413575,0.077453271565,0.124421688364,inherited_policy_state
UPRO_SMA_TO_TBILL,UPRO,LAG2,50,none,0,0,none,20,240,1.98428518908,7.38541769685,0.0348518200697,0.105120764685,inherited_policy_state
UPRO_SMA_TO_TBILL,UPRO,LAG2,50,none,0,0,none,30,120,8.96289093419,41.5889484793,0.0758378555588,0.132297681718,inherited_policy_state
NO_RESERVE,SSO,LAG1,0,staged,0.15,0.1,rule,20,240,3.28129977644,10.1858554068,0.0612123498705,0.123051896324,inherited_policy_state
NO_RESERVE,SSO,LAG1,0,staged,0.15,0.1,rule,30,120,35.0328017427,60.2407806895,0.125849000571,0.146361047483,inherited_policy_state
FIXED_90_10,SSO,LAG1,0,staged,0.15,0.1,quarterly,20,240,3.18693117528,9.03300226944,0.0596651076085,0.116318984127,inherited_policy_state
FIXED_90_10,SSO,LAG1,0,staged,0.15,0.1,quarterly,30,120,29.3320753802,46.9416469079,0.119203847965,0.136870428465,inherited_policy_state
FIXED_85_15,SSO,LAG1,0,staged,0.15,0.1,quarterly,20,240,3.12521924809,8.44656908784,0.0586295793529,0.112587076685,inherited_policy_state
FIXED_85_15,SSO,LAG1,0,staged,0.15,0.1,quarterly,30,120,26.6542027986,41.1244853177,0.115638144568,0.131868529377,inherited_policy_state
HWM_RESERVE,SSO,LAG1,0,staged,0.15,0.1,rule,20,240,3.24846503004,9.97651533331,0.0606788517482,0.121873242959,inherited_policy_state
HWM_RESERVE,SSO,LAG1,0,staged,0.15,0.1,rule,30,120,34.284413316,58.0789622132,0.1250389435,0.144965943692,inherited_policy_state
ASYMMETRIC_RESERVE_BAND,SSO,LAG1,0,staged,0.2,0.1,rule,20,240,3.22276919153,9.61663834103,0.0602577610525,0.119826088782,inherited_policy_state
ASYMMETRIC_RESERVE_BAND,SSO,LAG1,0,staged,0.2,0.1,rule,30,120,33.4202679839,52.7274017474,0.124082050458,0.141289874063,inherited_policy_state
HWM_DRAWDOWN,SSO,LAG1,0,drawdown,0.15,0.1,rule,20,240,3.62389020125,9.92805127371,0.0664948227667,0.121613343799,inherited_policy_state
HWM_DRAWDOWN,SSO,LAG1,0,drawdown,0.15,0.1,rule,30,120,33.1808706623,55.1395357671,0.123812726859,0.142985670612,inherited_policy_state
BAND_DRAWDOWN,SSO,LAG1,0,drawdown,0.2,0.1,rule,20,240,3.51325978181,10.1175271532,0.0648428354912,0.122673040967,inherited_policy_state
BAND_DRAWDOWN,SSO,LAG1,0,drawdown,0.2,0.1,rule,30,120,33.5024403705,54.2285964923,0.124174065181,0.142350902338,inherited_policy_state
SP500_1X,SSO,LAG1,0,none,0,0,none,20,240,2.54826487138,5.38753021325,0.0478816333553,0.0878386329462,inherited_policy_state
SP500_1X,SSO,LAG1,0,none,0,0,none,30,120,14.5499731976,18.9771505948,0.0933527571049,0.103071862813,inherited_policy_state
SSO_ALWAYS,SSO,LAG1,0,none,0,0,none,20,240,1.58442436795,5.64230075798,0.0232778552273,0.0903607865308,inherited_policy_state
SSO_ALWAYS,SSO,LAG1,0,none,0,0,none,30,120,17.9441029972,37.4211359002,0.101020701297,0.128313937002,inherited_policy_state
SSO_SMA_TO_TBILL,SSO,LAG1,0,none,0,0,none,20,240,3.60261544269,9.90827808716,0.0661808930893,0.121501630247,inherited_policy_state
SSO_SMA_TO_TBILL,SSO,LAG1,0,none,0,0,none,30,120,30.9324013158,48.2282905853,0.121163943142,0.137895507474,inherited_policy_state
NO_RESERVE,SSO,LAG1,10,staged,0.15,0.1,rule,20,240,2.86099959213,8.94372164646,0.0539642736482,0.11577215034,inherited_policy_state
NO_RESERVE,SSO,LAG1,10,staged,0.15,0.1,rule,30,120,29.3765505731,50.1333977376,0.11926037095,0.139372055007,inherited_policy_state
FIXED_90_10,SSO,LAG1,10,staged,0.15,0.1,quarterly,20,240,2.8173559407,8.04003786503,0.0531544955095,0.109846425696,inherited_policy_state
FIXED_90_10,SSO,LAG1,10,staged,0.15,0.1,quarterly,30,120,25.0317911523,39.855226404,0.113305284447,0.130698961741,inherited_policy_state
FIXED_85_15,SSO,LAG1,10,staged,0.15,0.1,quarterly,20,240,2.78188928518,7.53442242891,0.0524876102733,0.106247996113,inherited_policy_state
FIXED_85_15,SSO,LAG1,10,staged,0.15,0.1,quarterly,30,120,22.9468239689,35.340406558,0.110082739336,0.126171002073,inherited_policy_state
HWM_RESERVE,SSO,LAG1,10,staged,0.15,0.1,rule,20,240,2.83121315368,8.78055710195,0.0534128902539,0.11472951637,inherited_policy_state
HWM_RESERVE,SSO,LAG1,10,staged,0.15,0.1,rule,30,120,28.7573665777,48.3721601831,0.118465910227,0.138015145311,inherited_policy_state
ASYMMETRIC_RESERVE_BAND,SSO,LAG1,10,staged,0.2,0.1,rule,20,240,2.81326701581,8.43787670818,0.0530780188202,0.11252714399,inherited_policy_state
ASYMMETRIC_RESERVE_BAND,SSO,LAG1,10,staged,0.2,0.1,rule,30,120,28.0532899716,44.1556967488,0.117542181144,0.134554544824,inherited_policy_state
HWM_DRAWDOWN,SSO,LAG1,10,drawdown,0.15,0.1,rule,20,240,3.17046481231,8.79483384672,0.0593906774833,0.11483621225,inherited_policy_state
HWM_DRAWDOWN,SSO,LAG1,10,drawdown,0.15,0.1,rule,30,120,28.0999150228,46.468689655,0.117604041119,0.136493278193,inherited_policy_state
BAND_DRAWDOWN,SSO,LAG1,10,drawdown,0.2,0.1,rule,20,240,3.08649179015,8.95051916279,0.0579697646014,0.115815401603,inherited_policy_state
BAND_DRAWDOWN,SSO,LAG1,10,drawdown,0.2,0.1,rule,30,120,28.4295484187,45.7268507902,0.118038573921,0.135897091603,inherited_policy_state
SP500_1X,SSO,LAG1,10,none,0,0,none,20,240,2.54826487138,5.38753021325,0.0478816333553,0.0878386329462,inherited_policy_state
SP500_1X,SSO,LAG1,10,none,0,0,none,30,120,14.5499731976,18.9771505948,0.0933527571049,0.103071862813,inherited_policy_state
SSO_ALWAYS,SSO,LAG1,10,none,0,0,none,20,240,1.58442436795,5.64230075798,0.0232778552273,0.0903607865308,inherited_policy_state
SSO_ALWAYS,SSO,LAG1,10,none,0,0,none,30,120,17.9441029972,37.4211359002,0.101020701297,0.128313937002,inherited_policy_state
SSO_SMA_TO_TBILL,SSO,LAG1,10,none,0,0,none,20,240,3.14115808196,8.65577650052,0.0588988817361,0.11394895933,inherited_policy_state
SSO_SMA_TO_TBILL,SSO,LAG1,10,none,0,0,none,30,120,25.6286318483,40.1941787103,0.114158051254,0.131011984372,inherited_policy_state
NO_RESERVE,SSO,LAG1,25,staged,0.15,0.1,rule,20,240,2.32870140972,7.38365612435,0.0431714445392,0.10512859348,inherited_policy_state
NO_RESERVE,SSO,LAG1,25,staged,0.15,0.1,rule,30,120,22.549973637,37.9803131571,0.109437419606,0.128884552604,inherited_policy_state
FIXED_90_10,SSO,LAG1,25,staged,0.15,0.1,quarterly,20,240,2.3412933078,6.73002644947,0.0434527577353,0.100020548139,inherited_policy_state
FIXED_90_10,SSO,LAG1,25,staged,0.15,0.1,quarterly,30,120,19.7288001348,31.1940189591,0.10450593188,0.121507999269,inherited_policy_state
FIXED_85_15,SSO,LAG1,25,staged,0.15,0.1,quarterly,20,240,2.33587479927,6.35748713613,0.0433318804743,0.0968929658309,inherited_policy_state
FIXED_85_15,SSO,LAG1,25,staged,0.15,0.1,quarterly,30,120,18.3255056129,28.0586864429,0.101792836681,0.117554984748,inherited_policy_state
HWM_RESERVE,SSO,LAG1,25,staged,0.15,0.1,rule,20,240,2.3176177477,7.27645056698,0.0429226281687,0.104322341665,inherited_policy_state
HWM_RESERVE,SSO,LAG1,25,staged,0.15,0.1,rule,30,120,22.2183545051,36.9726594895,0.108889696385,0.127873252529,inherited_policy_state
ASYMMETRIC_RESERVE_BAND,SSO,LAG1,25,staged,0.2,0.1,rule,20,240,2.29390137819,6.96331068242,0.0423864014602,0.101895368522,inherited_policy_state
ASYMMETRIC_RESERVE_BAND,SSO,LAG1,25,staged,0.2,0.1,rule,30,120,21.5678151208,33.7034532435,0.107791877238,0.124390462238,inherited_policy_state
HWM_DRAWDOWN,SSO,LAG1,25,drawdown,0.15,0.1,rule,20,240,2.60296714944,7.32091647404,0.0489950391533,0.104651422543,inherited_policy_state
HWM_DRAWDOWN,SSO,LAG1,25,drawdown,0.15,0.1,rule,30,120,21.9693024754,35.9039960506,0.108473125038,0.126765035937,inherited_policy_state
BAND_DRAWDOWN,SSO,LAG1,25,drawdown,0.2,0.1,rule,20,240,2.54085059048,7.48209086096,0.0477289795511,0.10586251701,inherited_policy_state
BAND_DRAWDOWN,SSO,LAG1,25,drawdown,0.2,0.1,rule,30,120,22.2160611046,35.3958778103,0.108885881013,0.126235823968,inherited_policy_state
SP500_1X,SSO,LAG1,25,none,0,0,none,20,240,2.54826487138,5.38753021325,0.0478816333553,0.0878386329462,inherited_policy_state
SP500_1X,SSO,LAG1,25,none,0,0,none,30,120,14.5499731976,18.9771505948,0.0933527571049,0.103071862813,inherited_policy_state
SSO_ALWAYS,SSO,LAG1,25,none,0,0,none,20,240,1.58442436795,5.64230075798,0.0232778552273,0.0903607865308,inherited_policy_state
SSO_ALWAYS,SSO,LAG1,25,none,0,0,none,30,120,17.9441029972,37.4211359002,0.101020701297,0.128313937002,inherited_policy_state
SSO_SMA_TO_TBILL,SSO,LAG1,25,none,0,0,none,20,240,2.55673551081,7.08479635023,0.0480555211402,0.102849799138,inherited_policy_state
SSO_SMA_TO_TBILL,SSO,LAG1,25,none,0,0,none,30,120,19.3214473348,30.616016119,0.103718215839,0.120814788313,inherited_policy_state
NO_RESERVE,SSO,LAG1,50,staged,0.15,0.1,rule,20,240,1.65123152348,5.3405524031,0.0253931185653,0.0873749005333,inherited_policy_state
NO_RESERVE,SSO,LAG1,50,staged,0.15,0.1,rule,30,120,14.4989677075,24.1914994726,0.0932247863062,0.112033424257,inherited_policy_state
FIXED_90_10,SSO,LAG1,50,staged,0.15,0.1,quarterly,20,240,1.71885838231,5.04207015587,0.0274530952578,0.0842525157787,inherited_policy_state
FIXED_90_10,SSO,LAG1,50,staged,0.15,0.1,quarterly,30,120,13.2578912746,20.7649188573,0.0899689036168,0.106386651596,inherited_policy_state
FIXED_85_15,SSO,LAG1,50,staged,0.15,0.1,quarterly,20,240,1.74483224326,4.8236673049,0.0282238752138,0.0818486810165,inherited_policy_state
FIXED_85_15,SSO,LAG1,50,staged,0.15,0.1,quarterly,30,120,12.5894176868,19.1018512509,0.0880909087662,0.103312338292,inherited_policy_state
HWM_RESERVE,SSO,LAG1,50,staged,0.15,0.1,rule,20,240,1.65424649552,5.26741466085,0.0254866503755,0.0866251855175,inherited_policy_state
HWM_RESERVE,SSO,LAG1,50,staged,0.15,0.1,rule,30,120,14.40111553,23.8010127154,0.092978056032,0.111430533531,inherited_policy_state
ASYMMETRIC_RESERVE_BAND,SSO,LAG1,50,staged,0.2,0.1,rule,20,240,1.63138522101,5.03882058963,0.0247733581469,0.0842170726981,inherited_policy_state
ASYMMETRIC_RESERVE_BAND,SSO,LAG1,50,staged,0.2,0.1,rule,30,120,13.8331457789,21.455136255,0.0914956860448,0.107588090451,inherited_policy_state
HWM_DRAWDOWN,SSO,LAG1,50,drawdown,0.15,0.1,rule,20,240,1.89173225354,5.42974574401,0.0323880845377,0.0882753835908,inherited_policy_state
HWM_DRAWDOWN,SSO,LAG1,50,drawdown,0.15,0.1,rule,30,120,14.721739107,23.9385895024,0.0937805445218,0.1116438386,inherited_policy_state
BAND_DRAWDOWN,SSO,LAG1,50,drawdown,0.2,0.1,rule,20,240,1.83590952746,5.51264468044,0.0308430892724,0.0890934856905,inherited_policy_state
BAND_DRAWDOWN,SSO,LAG1,50,drawdown,0.2,0.1,rule,30,120,14.7155944975,23.1707035683,0.0937653246176,0.110435446291,inherited_policy_state
SP500_1X,SSO,LAG1,50,none,0,0,none,20,240,2.54826487138,5.38753021325,0.0478816333553,0.0878386329462,inherited_policy_state
SP500_1X,SSO,LAG1,50,none,0,0,none,30,120,14.5499731976,18.9771505948,0.0933527571049,0.103071862813,inherited_policy_state
SSO_ALWAYS,SSO,LAG1,50,none,0,0,none,20,240,1.58442436795,5.64230075798,0.0232778552273,0.0903607865308,inherited_policy_state
SSO_ALWAYS,SSO,LAG1,50,none,0,0,none,30,120,17.9441029972,37.4211359002,0.101020701297,0.128313937002,inherited_policy_state
SSO_SMA_TO_TBILL,SSO,LAG1,50,none,0,0,none,20,240,1.81292554513,5.06163712677,0.0301939579321,0.0844625280334,inherited_policy_state
SSO_SMA_TO_TBILL,SSO,LAG1,50,none,0,0,none,30,120,12.0546003392,19.5380118216,0.0865011911078,0.104158066885,inherited_policy_state
NO_RESERVE,SSO,LAG2,0,staged,0.15,0.1,rule,20,240,3.60504031418,10.0443690928,0.0662167632158,0.122266296269,inherited_policy_state
NO_RESERVE,SSO,LAG2,0,staged,0.15,0.1,rule,30,120,25.1107325818,56.6934149134,0.113422133485,0.144051929852,inherited_policy_state
FIXED_90_10,SSO,LAG2,0,staged,0.15,0.1,quarterly,20,240,3.47201275171,8.99689953293,0.064214239406,0.116103811944,inherited_policy_state
FIXED_90_10,SSO,LAG2,0,staged,0.15,0.1,quarterly,30,120,22.198980081,44.6889101337,0.108857452505,0.13500824821,inherited_policy_state
FIXED_85_15,SSO,LAG2,0,staged,0.15,0.1,quarterly,20,240,3.39009525692,8.44310205506,0.062944514612,0.112564250265,inherited_policy_state
FIXED_85_15,SSO,LAG2,0,staged,0.15,0.1,quarterly,30,120,20.6703938489,39.3080854945,0.106223697799,0.130171738995,inherited_policy_state
HWM_RESERVE,SSO,LAG2,0,staged,0.15,0.1,rule,20,240,3.57110635583,9.90439296238,0.0657126950393,0.121479629083,inherited_policy_state
HWM_RESERVE,SSO,LAG2,0,staged,0.15,0.1,rule,30,120,24.8805219155,54.8171941425,0.113080377137,0.142762100708,inherited_policy_state
ASYMMETRIC_RESERVE_BAND,SSO,LAG2,0,staged,0.2,0.1,rule,20,240,3.46164977219,9.3403429731,0.0640551948257,0.118196482316,inherited_policy_state
ASYMMETRIC_RESERVE_BAND,SSO,LAG2,0,staged,0.2,0.1,rule,30,120,24.409890898,48.8118813321,0.112372091351,0.138364697178,inherited_policy_state
HWM_DRAWDOWN,SSO,LAG2,0,drawdown,0.15,0.1,rule,20,240,3.96744698589,10.0200947123,0.0713356494669,0.122116043915,inherited_policy_state
HWM_DRAWDOWN,SSO,LAG2,0,drawdown,0.15,0.1,rule,30,120,24.9686262449,53.1898358285,0.113211530973,0.141629013158,inherited_policy_state
BAND_DRAWDOWN,SSO,LAG2,0,drawdown,0.2,0.1,rule,20,240,3.86064844943,10.1043812208,0.0698749345801,0.122601129644,inherited_policy_state
BAND_DRAWDOWN,SSO,LAG2,0,drawdown,0.2,0.1,rule,30,120,25.1043283757,51.6206016267,0.11341266723,0.140483023085,inherited_policy_state
SP500_1X,SSO,LAG2,0,none,0,0,none,20,240,2.54826487138,5.38753021325,0.0478816333553,0.0878386329462,inherited_policy_state
SP500_1X,SSO,LAG2,0,none,0,0,none,30,120,14.5499731976,18.9771505948,0.0933527571049,0.103071862813,inherited_policy_state
SSO_ALWAYS,SSO,LAG2,0,none,0,0,none,20,240,1.58442436795,5.64230075798,0.0232778552273,0.0903607865308,inherited_policy_state
SSO_ALWAYS,SSO,LAG2,0,none,0,0,none,30,120,17.9441029972,37.4211359002,0.101020701297,0.128313937002,inherited_policy_state
SSO_SMA_TO_TBILL,SSO,LAG2,0,none,0,0,none,20,240,3.63342541291,9.12795500825,0.0666255383516,0.116893492229,inherited_policy_state
SSO_SMA_TO_TBILL,SSO,LAG2,0,none,0,0,none,30,120,17.8104316577,42.6786182397,0.10074632949,0.13328167312,inherited_policy_state
NO_RESERVE,SSO,LAG2,10,staged,0.15,0.1,rule,20,240,3.14327235278,8.8080022072,0.0589345068698,0.114920335183,inherited_policy_state
NO_RESERVE,SSO,LAG2,10,staged,0.15,0.1,rule,30,120,21.0564576317,47.2974420505,0.106906227671,0.137169942099,inherited_policy_state
FIXED_90_10,SSO,LAG2,10,staged,0.15,0.1,quarterly,20,240,3.06933282855,8.01689657165,0.0576749027297,0.109686527992,inherited_policy_state
FIXED_90_10,SSO,LAG2,10,staged,0.15,0.1,quarterly,30,120,18.9455629187,37.9610805032,0.103015564506,0.128865479705,inherited_policy_state
FIXED_85_15,SSO,LAG2,10,staged,0.15,0.1,quarterly,20,240,3.01760155105,7.59929325287,0.056776372485,0.10672228775,inherited_policy_state
FIXED_85_15,SSO,LAG2,10,staged,0.15,0.1,quarterly,30,120,17.7967026074,33.7745373531,0.10071803681,0.124477150926,inherited_policy_state
HWM_RESERVE,SSO,LAG2,10,staged,0.15,0.1,rule,20,240,3.11425991685,8.69616217467,0.0584436525312,0.11420806972,inherited_policy_state
HWM_RESERVE,SSO,LAG2,10,staged,0.15,0.1,rule,30,120,20.8775811808,45.8189875635,0.10659150566,0.135966723376,inherited_policy_state
ASYMMETRIC_RESERVE_BAND,SSO,LAG2,10,staged,0.2,0.1,rule,20,240,3.02060759952,8.21198232386,0.0568289841164,0.1110212676,inherited_policy_state
ASYMMETRIC_RESERVE_BAND,SSO,LAG2,10,staged,0.2,0.1,rule,30,120,20.4768314757,40.716905567,0.105876843267,0.13150554157,inherited_policy_state
HWM_DRAWDOWN,SSO,LAG2,10,drawdown,0.15,0.1,rule,20,240,3.4724041642,8.80609763895,0.0642202377199,0.114908288772,inherited_policy_state
HWM_DRAWDOWN,SSO,LAG2,10,drawdown,0.15,0.1,rule,30,120,21.1360157044,44.8672578642,0.107045375628,0.135172157925,inherited_policy_state
BAND_DRAWDOWN,SSO,LAG2,10,drawdown,0.2,0.1,rule,20,240,3.39035430041,8.94480549108,0.0629485755431,0.115779658711,inherited_policy_state
BAND_DRAWDOWN,SSO,LAG2,10,drawdown,0.2,0.1,rule,30,120,21.2727466946,43.5413258725,0.107283341066,0.134037869866,inherited_policy_state
SP500_1X,SSO,LAG2,10,none,0,0,none,20,240,2.54826487138,5.38753021325,0.0478816333553,0.0878386329462,inherited_policy_state
SP500_1X,SSO,LAG2,10,none,0,0,none,30,120,14.5499731976,18.9771505948,0.0933527571049,0.103071862813,inherited_policy_state
SSO_ALWAYS,SSO,LAG2,10,none,0,0,none,20,240,1.58442436795,5.64230075798,0.0232778552273,0.0903607865308,inherited_policy_state
SSO_ALWAYS,SSO,LAG2,10,none,0,0,none,30,120,17.9441029972,37.4211359002,0.101020701297,0.128313937002,inherited_policy_state
SSO_SMA_TO_TBILL,SSO,LAG2,10,none,0,0,none,20,240,3.15221315769,8.03873417469,0.0590765853086,0.109821637165,inherited_policy_state
SSO_SMA_TO_TBILL,SSO,LAG2,10,none,0,0,none,30,120,14.9348330791,35.6449913583,0.0943046042962,0.126499265135,inherited_policy_state
NO_RESERVE,SSO,LAG2,25,staged,0.15,0.1,rule,20,240,2.55845641474,7.25991757286,0.0480907814646,0.104192127822,inherited_policy_state
NO_RESERVE,SSO,LAG2,25,staged,0.15,0.1,rule,30,120,16.1633192197,36.0828770015,0.0971916998461,0.126951694936,inherited_policy_state
FIXED_90_10,SSO,LAG2,25,staged,0.15,0.1,quarterly,20,240,2.55063646348,6.72575421376,0.0479303733801,0.0999849964861,inherited_policy_state
FIXED_90_10,SSO,LAG2,25,staged,0.15,0.1,quarterly,30,120,14.9332537945,29.7976532645,0.0943007470319,0.119785431219,inherited_policy_state
FIXED_85_15,SSO,LAG2,25,staged,0.15,0.1,quarterly,20,240,2.53371401748,6.44156854779,0.0475816432946,0.0976131799704,inherited_policy_state
FIXED_85_15,SSO,LAG2,25,staged,0.15,0.1,quarterly,30,120,14.2142504175,26.8394189911,0.0925023475071,0.115889943132,inherited_policy_state
HWM_RESERVE,SSO,LAG2,25,staged,0.15,0.1,rule,20,240,2.53841243934,7.14743395964,0.0476786875997,0.103335218502,inherited_policy_state
HWM_RESERVE,SSO,LAG2,25,staged,0.15,0.1,rule,30,120,16.0610842853,35.0503752825,0.0969596713073,0.125855634332,inherited_policy_state
ASYMMETRIC_RESERVE_BAND,SSO,LAG2,25,staged,0.2,0.1,rule,20,240,2.46151062223,6.75900980779,0.046068406594,0.100255541176,inherited_policy_state
ASYMMETRIC_RESERVE_BAND,SSO,LAG2,25,staged,0.2,0.1,rule,30,120,15.727804817,31.1273412928,0.0961932334579,0.121410415566,inherited_policy_state
HWM_DRAWDOWN,SSO,LAG2,25,drawdown,0.15,0.1,rule,20,240,2.83702799637,7.28152048357,0.0535209616367,0.104353543084,inherited_policy_state
HWM_DRAWDOWN,SSO,LAG2,25,drawdown,0.15,0.1,rule,30,120,16.4253400014,34.7118705284,0.0977799559449,0.125497619063,inherited_policy_state
BAND_DRAWDOWN,SSO,LAG2,25,drawdown,0.2,0.1,rule,20,240,2.78934406555,7.410269467,0.0526284515041,0.105328821614,inherited_policy_state
BAND_DRAWDOWN,SSO,LAG2,25,drawdown,0.2,0.1,rule,30,120,16.5878208814,33.7546184955,0.0981401977665,0.124449055351,inherited_policy_state
SP500_1X,SSO,LAG2,25,none,0,0,none,20,240,2.54826487138,5.38753021325,0.0478816333553,0.0878386329462,inherited_policy_state
SP500_1X,SSO,LAG2,25,none,0,0,none,30,120,14.5499731976,18.9771505948,0.0933527571049,0.103071862813,inherited_policy_state
SSO_ALWAYS,SSO,LAG2,25,none,0,0,none,20,240,1.58442436795,5.64230075798,0.0232778552273,0.0903607865308,inherited_policy_state
SSO_ALWAYS,SSO,LAG2,25,none,0,0,none,30,120,17.9441029972,37.4211359002,0.101020701297,0.128313937002,inherited_policy_state
SSO_SMA_TO_TBILL,SSO,LAG2,25,none,0,0,none,20,240,2.54652924655,6.64511488142,0.0478392331014,0.0993225191217,inherited_policy_state
SSO_SMA_TO_TBILL,SSO,LAG2,25,none,0,0,none,30,120,11.4642490571,27.1978553158,0.0847006719469,0.11638909951,inherited_policy_state
NO_RESERVE,SSO,LAG2,50,staged,0.15,0.1,rule,20,240,1.81414580068,5.19808195834,0.0302286173298,0.0859046104906,inherited_policy_state
NO_RESERVE,SSO,LAG2,50,staged,0.15,0.1,rule,30,120,10.3925373565,22.6903055055,0.0811580179325,0.109661474869,inherited_policy_state
FIXED_90_10,SSO,LAG2,50,staged,0.15,0.1,quarterly,20,240,1.87247920484,5.02641015475,0.0318601729369,0.0840774860438,inherited_policy_state
FIXED_90_10,SSO,LAG2,50,staged,0.15,0.1,quarterly,30,120,10.0367306243,19.6779158675,0.0799033429113,0.104405667431,inherited_policy_state
FIXED_85_15,SSO,LAG2,50,staged,0.15,0.1,quarterly,20,240,1.89251091524,4.86351600633,0.0324093276055,0.0822995995807,inherited_policy_state
FIXED_85_15,SSO,LAG2,50,staged,0.15,0.1,quarterly,30,120,9.76695487744,18.1883408592,0.0789230398365,0.101511725546,inherited_policy_state
HWM_RESERVE,SSO,LAG2,50,staged,0.15,0.1,rule,20,240,1.81486729502,5.14979100839,0.0302490997998,0.0853989532015,inherited_policy_state
HWM_RESERVE,SSO,LAG2,50,staged,0.15,0.1,rule,30,120,10.428411869,22.3624558667,0.0812822085974,0.109123390059,inherited_policy_state
ASYMMETRIC_RESERVE_BAND,SSO,LAG2,50,staged,0.2,0.1,rule,20,240,1.74885885194,4.85510044419,0.0283423887143,0.0821964770735,inherited_policy_state
ASYMMETRIC_RESERVE_BAND,SSO,LAG2,50,staged,0.2,0.1,rule,30,120,10.1228408352,19.6897919275,0.0802108900157,0.104427949813,inherited_policy_state
HWM_DRAWDOWN,SSO,LAG2,50,drawdown,0.15,0.1,rule,20,240,2.03586278559,5.28408178455,0.0361852961328,0.0867908965774,inherited_policy_state
HWM_DRAWDOWN,SSO,LAG2,50,drawdown,0.15,0.1,rule,30,120,10.8424698578,22.5743262578,0.0826864454693,0.10947198399,inherited_policy_state
BAND_DRAWDOWN,SSO,LAG2,50,drawdown,0.2,0.1,rule,20,240,2.01344890962,5.42940924278,0.0356118964802,0.088266102963,inherited_policy_state
BAND_DRAWDOWN,SSO,LAG2,50,drawdown,0.2,0.1,rule,30,120,10.9480919434,21.9307273119,0.0830363515629,0.108402101659,inherited_policy_state
SP500_1X,SSO,LAG2,50,none,0,0,none,20,240,2.54826487138,5.38753021325,0.0478816333553,0.0878386329462,inherited_policy_state
SP500_1X,SSO,LAG2,50,none,0,0,none,30,120,14.5499731976,18.9771505948,0.0933527571049,0.103071862813,inherited_policy_state
SSO_ALWAYS,SSO,LAG2,50,none,0,0,none,20,240,1.58442436795,5.64230075798,0.0232778552273,0.0903607865308,inherited_policy_state
SSO_ALWAYS,SSO,LAG2,50,none,0,0,none,30,120,17.9441029972,37.4211359002,0.101020701297,0.128313937002,inherited_policy_state
SSO_SMA_TO_TBILL,SSO,LAG2,50,none,0,0,none,20,240,1.78317396764,4.8247922162,0.0293379070476,0.0818671304482,inherited_policy_state
SSO_SMA_TO_TBILL,SSO,LAG2,50,none,0,0,none,30,120,7.37117388892,17.2795821852,0.068849526201,0.099631918688,inherited_policy_state
