series,fund,lag,cost_bps,horizon_years,cohorts,first_entry,last_entry,min_terminal_multiple,median_terminal_multiple,min_cagr,median_cagr,min_ratio_vs_no_reserve,median_ratio_vs_no_reserve,max_ratio_vs_no_reserve,fraction_outperforming_no_reserve,cohort_kind
ASYMMETRIC_RESERVE_BAND,SSO,LAG1,0,20,240,1986-09-30,2006-08-31,2.947706438,8.656919159,0.05553882322,0.1139563338,0.8996735723,0.947121084,1.026463395,0.02916666667,fresh_investor_reset
ASYMMETRIC_RESERVE_BAND,SSO,LAG1,0,30,120,1986-09-30,1996-08-30,29.06255075,42.89334053,0.1188595298,0.1334842206,0.859702915,0.8901455711,0.9441032748,0,fresh_investor_reset
ASYMMETRIC_RESERVE_BAND,SSO,LAG1,25,20,240,1986-09-30,2006-08-31,2.027510846,6.030257216,0.03597233811,0.09399727068,0.9016575409,0.9489119095,1.030876719,0.0375,fresh_investor_reset
ASYMMETRIC_RESERVE_BAND,SSO,LAG1,25,30,120,1986-09-30,1996-08-30,17.55830209,25.78104653,0.1002233501,0.1143891732,0.863044693,0.8925614198,0.9457179054,0,fresh_investor_reset
ASYMMETRIC_RESERVE_BAND,SSO,LAG2,0,20,240,1986-09-30,2006-08-31,4.130351933,10.20103344,0.0734933363,0.1231267126,0.8909707218,0.9357143026,1.025341167,0.02083333333,fresh_investor_reset
ASYMMETRIC_RESERVE_BAND,SSO,LAG2,0,30,120,1986-09-30,1996-08-30,32.48101842,52.29017284,0.1230144785,0.1409937826,0.852649985,0.8796864078,0.939389346,0,fresh_investor_reset
ASYMMETRIC_RESERVE_BAND,SSO,LAG2,25,20,240,1986-09-30,2006-08-31,2.840610754,7.081497326,0.05358744403,0.1028236128,0.8917549257,0.9371769879,1.029301744,0.02083333333,fresh_investor_reset
ASYMMETRIC_RESERVE_BAND,SSO,LAG2,25,30,120,1986-09-30,1996-08-30,19.6230203,31.29655535,0.1043080267,0.1216247903,0.8550275109,0.8819484502,0.9409686733,0,fresh_investor_reset
ASYMMETRIC_RESERVE_BAND,UPRO,LAG1,0,20,240,1986-09-30,2006-08-31,3.068737488,12.26948218,0.05766464423,0.1335508785,0.8707616551,0.9426546279,1.075544217,0.08333333333,fresh_investor_reset
ASYMMETRIC_RESERVE_BAND,UPRO,LAG1,0,30,120,1986-09-30,1996-08-30,50.91275303,85.94290636,0.1399380276,0.1600182731,0.8364695505,0.8773264063,0.9707982595,0,fresh_investor_reset
ASYMMETRIC_RESERVE_BAND,UPRO,LAG1,25,20,240,1986-09-30,2006-08-31,2.107792917,8.542955285,0.03798576363,0.1132183963,0.8713424965,0.9440592586,1.08028317,0.09583333333,fresh_investor_reset
ASYMMETRIC_RESERVE_BAND,UPRO,LAG1,25,30,120,1986-09-30,1996-08-30,30.28957444,51.34338508,0.1203795578,0.1402714149,0.8381646942,0.8790313552,0.9727651873,0,fresh_investor_reset
ASYMMETRIC_RESERVE_BAND,UPRO,LAG2,0,20,240,1986-09-30,2006-08-31,5.293412215,17.2790476,0.08689298503,0.1531013856,0.8848148658,0.9583376082,1.048080709,0.08333333333,fresh_investor_reset
ASYMMETRIC_RESERVE_BAND,UPRO,LAG2,0,30,120,1986-09-30,1996-08-30,66.33004274,140.855511,0.1500610766,0.1793026632,0.8604568172,0.9008088883,0.9963568356,0,fresh_investor_reset
ASYMMETRIC_RESERVE_BAND,UPRO,LAG2,25,20,240,1986-09-30,2006-08-31,3.633582781,12.20207689,0.06663726604,0.1332191495,0.8863179396,0.9609817982,1.051689671,0.1,fresh_investor_reset
ASYMMETRIC_RESERVE_BAND,UPRO,LAG2,25,30,120,1986-09-30,1996-08-30,40.14450695,83.92342365,0.1309717714,0.1591200041,0.8620168002,0.9037645291,0.9998251923,0,fresh_investor_reset
BAND_DRAWDOWN,SSO,LAG1,0,20,240,1986-09-30,2006-08-31,3.2134584,9.076511609,0.06010439277,0.1165785739,0.8952443083,1.004111611,1.098100258,0.5291666667,fresh_investor_reset
BAND_DRAWDOWN,SSO,LAG1,0,30,120,1986-09-30,1996-08-30,30.45530049,44.30545712,0.1206065924,0.1346886515,0.8938928078,0.9274759152,0.9934757864,0,fresh_investor_reset
BAND_DRAWDOWN,SSO,LAG1,25,20,240,1986-09-30,2006-08-31,2.258348488,6.485525552,0.04157260312,0.09797209988,0.9125729672,1.027832953,1.126190119,0.625,fresh_investor_reset
BAND_DRAWDOWN,SSO,LAG1,25,30,120,1986-09-30,1996-08-30,18.80861328,27.22591809,0.1027488689,0.1164299484,0.9202673582,0.9616895394,1.030201608,0.06666666667,fresh_investor_reset
BAND_DRAWDOWN,SSO,LAG2,0,20,240,1986-09-30,2006-08-31,4.38485761,10.68604628,0.07670759057,0.1257280517,0.8816553872,0.9852992294,1.061592325,0.3666666667,fresh_investor_reset
BAND_DRAWDOWN,SSO,LAG2,0,30,120,1986-09-30,1996-08-30,33.876036,53.72389786,0.1245896769,0.1420092184,0.8657995882,0.9011447684,0.979734899,0,fresh_investor_reset
BAND_DRAWDOWN,SSO,LAG2,25,20,240,1986-09-30,2006-08-31,3.084363287,7.630227948,0.05793327285,0.1069467959,0.8997032419,1.008649172,1.090899247,0.5416666667,fresh_investor_reset
BAND_DRAWDOWN,SSO,LAG2,25,30,120,1986-09-30,1996-08-30,21.15358669,32.93919009,0.1070760392,0.123538752,0.894772548,0.9336840187,1.01436283,0.01666666667,fresh_investor_reset
BAND_DRAWDOWN,UPRO,LAG1,0,20,240,1986-09-30,2006-08-31,3.389790388,12.96455128,0.06293973491,0.1366790453,0.8890416614,0.9741252344,1.147521029,0.3458333333,fresh_investor_reset
BAND_DRAWDOWN,UPRO,LAG1,0,30,120,1986-09-30,1996-08-30,53.45932277,86.96243975,0.1417937013,0.1604738778,0.828973805,0.8985235742,1.024270531,0.01666666667,fresh_investor_reset
BAND_DRAWDOWN,UPRO,LAG1,25,20,240,1986-09-30,2006-08-31,2.385139651,9.285759645,0.04442122868,0.1178688804,0.9080882213,1.00014395,1.17869446,0.5,fresh_investor_reset
BAND_DRAWDOWN,UPRO,LAG1,25,30,120,1986-09-30,1996-08-30,33.02180906,53.64485699,0.1236088399,0.1419601111,0.8527049838,0.9299138349,1.063490136,0.075,fresh_investor_reset
BAND_DRAWDOWN,UPRO,LAG2,0,20,240,1986-09-30,2006-08-31,6.291277641,18.26164121,0.09631900446,0.1562938758,0.8613470651,1.011298006,1.162194228,0.5833333333,fresh_investor_reset
BAND_DRAWDOWN,UPRO,LAG2,0,30,120,1986-09-30,1996-08-30,66.75620508,145.9974118,0.1503066038,0.1807232714,0.8846284857,0.9397619622,1.055987483,0.125,fresh_investor_reset
BAND_DRAWDOWN,UPRO,LAG2,25,20,240,1986-09-30,2006-08-31,4.438482323,13.08265636,0.07736217712,0.1371840565,0.8810673154,1.040776761,1.20011557,0.6666666667,fresh_investor_reset
BAND_DRAWDOWN,UPRO,LAG2,25,30,120,1986-09-30,1996-08-30,41.71101112,92.09940062,0.1324157288,0.1627199988,0.9195424636,0.9788783923,1.104881686,0.3583333333,fresh_investor_reset
FIXED_85_15,SSO,LAG1,0,20,240,1986-09-30,2006-08-31,2.832155369,7.737449026,0.05343041604,0.1077193735,0.730304287,0.852464659,0.9678017121,0,fresh_investor_reset
FIXED_85_15,SSO,LAG1,0,30,120,1986-09-30,1996-08-30,23.71687221,34.00746442,0.1113047118,0.1247227529,0.6640554065,0.7076679708,0.7738865663,0,fresh_investor_reset
FIXED_85_15,SSO,LAG1,25,20,240,1986-09-30,2006-08-31,2.054907007,5.654417947,0.03666779894,0.09047112859,0.7645048909,0.9002069148,1.024738201,0.004166666667,fresh_investor_reset
FIXED_85_15,SSO,LAG1,25,30,120,1986-09-30,1996-08-30,15.43382561,21.8897727,0.09550402786,0.1083183324,0.7176857084,0.7647251696,0.835553044,0,fresh_investor_reset
FIXED_85_15,SSO,LAG2,0,20,240,1986-09-30,2006-08-31,3.820198118,8.963423152,0.06931163988,0.115879164,0.7238879819,0.834185905,0.9280800798,0,fresh_investor_reset
FIXED_85_15,SSO,LAG2,0,30,120,1986-09-30,1996-08-30,26.35736673,40.73849155,0.1152217723,0.1315382932,0.6368804481,0.685995885,0.7662057472,0,fresh_investor_reset
FIXED_85_15,SSO,LAG2,25,20,240,1986-09-30,2006-08-31,2.770702519,6.601015074,0.05227558744,0.09894168961,0.7576446209,0.8804380595,0.9794095736,0,fresh_investor_reset
FIXED_85_15,SSO,LAG2,25,30,120,1986-09-30,1996-08-30,17.1477222,26.2614816,0.09935596567,0.115091827,0.686800904,0.7414687862,0.8270400912,0,fresh_investor_reset
FIXED_85_15,UPRO,LAG1,0,20,240,1986-09-30,2006-08-31,3.124620749,11.3343123,0.05861944172,0.1290665219,0.7152569903,0.8699408271,1.040319747,0.01666666667,fresh_investor_reset
FIXED_85_15,UPRO,LAG1,0,30,120,1986-09-30,1996-08-30,41.68102732,69.01167168,0.1323885862,0.1515812274,0.6541328204,0.7161991206,0.8012739586,0,fresh_investor_reset
FIXED_85_15,UPRO,LAG1,25,20,240,1986-09-30,2006-08-31,2.271496639,8.327660639,0.04187497062,0.1117825472,0.749760983,0.9217025306,1.103654327,0.125,fresh_investor_reset
FIXED_85_15,UPRO,LAG1,25,30,120,1986-09-30,1996-08-30,27.18055998,44.6047722,0.1163655649,0.1349372241,0.7073747633,0.7769188892,0.8668922389,0,fresh_investor_reset
FIXED_85_15,UPRO,LAG2,0,20,240,1986-09-30,2006-08-31,5.091777028,14.89174064,0.08478449436,0.1445827839,0.6864472553,0.8333471354,0.9403420088,0,fresh_investor_reset
FIXED_85_15,UPRO,LAG2,0,30,120,1986-09-30,1996-08-30,51.37998078,102.8423457,0.1403124409,0.1669844946,0.5932725834,0.6671512106,0.7883579506,0,fresh_investor_reset
FIXED_85_15,UPRO,LAG2,25,20,240,1986-09-30,2006-08-31,3.699090027,11.04956892,0.06759060942,0.127629089,0.7237333526,0.8813484023,0.9966258652,0,fresh_investor_reset
FIXED_85_15,UPRO,LAG2,25,30,120,1986-09-30,1996-08-30,33.48830978,66.13066521,0.1241582576,0.1499347464,0.6408886913,0.7218538958,0.8524733627,0,fresh_investor_reset
FIXED_90_10,SSO,LAG1,0,20,240,1986-09-30,2006-08-31,2.872624522,8.215345874,0.05417798698,0.1110440821,0.8138224952,0.9017295334,0.9816307963,0,fresh_investor_reset
FIXED_90_10,SSO,LAG1,0,30,120,1986-09-30,1996-08-30,25.98224617,38.36681121,0.1146890582,0.1292530799,0.7650525161,0.7978098558,0.8468230579,0,fresh_investor_reset
FIXED_90_10,SSO,LAG1,25,20,240,1986-09-30,2006-08-31,2.045005039,5.903108449,0.03641745619,0.09282759103,0.8390245585,0.9351394833,1.019800301,0.0125,fresh_investor_reset
FIXED_90_10,SSO,LAG1,25,30,120,1986-09-30,1996-08-30,16.48553201,24.0156142,0.09791380972,0.111752323,0.8054551627,0.8402109371,0.8912559231,0,fresh_investor_reset
FIXED_90_10,SSO,LAG2,0,20,240,1986-09-30,2006-08-31,3.948610696,9.630790651,0.07108075458,0.1199003428,0.8091032528,0.8890979886,0.9543077975,0,fresh_investor_reset
FIXED_90_10,SSO,LAG2,0,30,120,1986-09-30,1996-08-30,28.98792934,46.4712246,0.1187636551,0.1365086478,0.7438543013,0.7818132781,0.8414764612,0,fresh_investor_reset
FIXED_90_10,SSO,LAG2,25,20,240,1986-09-30,2006-08-31,2.810206377,6.925242582,0.05302070542,0.1015658341,0.8340494874,0.9214420538,0.98923127,0,fresh_investor_reset
FIXED_90_10,SSO,LAG2,25,30,120,1986-09-30,1996-08-30,18.38927402,29.10938314,0.1019204157,0.1189253144,0.78223243,0.8234127254,0.8854624496,0,fresh_investor_reset
FIXED_90_10,UPRO,LAG1,0,20,240,1986-09-30,2006-08-31,3.104114874,12.04741652,0.05827098539,0.1325165192,0.8055139351,0.9168218985,1.033492465,0.02083333333,fresh_investor_reset
FIXED_90_10,UPRO,LAG1,0,30,120,1986-09-30,1996-08-30,45.54909501,77.78290318,0.1357431756,0.1561825035,0.7608185198,0.8082132044,0.8704772581,0,fresh_investor_reset
FIXED_90_10,UPRO,LAG1,25,20,240,1986-09-30,2006-08-31,2.212893498,8.650232711,0.04051423399,0.1138967681,0.8312690888,0.9530486863,1.075180761,0.1458333333,fresh_investor_reset
FIXED_90_10,UPRO,LAG1,25,30,120,1986-09-30,1996-08-30,28.94423403,49.02133931,0.118707404,0.1385141729,0.8016832108,0.8538641999,0.9175116144,0,fresh_investor_reset
FIXED_90_10,UPRO,LAG2,0,20,240,1986-09-30,2006-08-31,5.236454541,16.07191296,0.08630522109,0.1489559498,0.782869814,0.8904671151,0.964927035,0,fresh_investor_reset
FIXED_90_10,UPRO,LAG2,0,30,120,1986-09-30,1996-08-30,56.53466007,118.8478556,0.1439520677,0.172624279,0.7125845206,0.7703576826,0.8618956209,0,fresh_investor_reset
FIXED_90_10,UPRO,LAG2,25,20,240,1986-09-30,2006-08-31,3.731228955,11.67965034,0.06805248533,0.130753182,0.8109939583,0.924552514,1.003209113,0.004166666667,fresh_investor_reset
FIXED_90_10,UPRO,LAG2,25,30,120,1986-09-30,1996-08-30,35.91201978,74.39891085,0.1267795654,0.1544588027,0.7502992621,0.8116175176,0.9081284888,0,fresh_investor_reset
HWM_DRAWDOWN,SSO,LAG1,0,20,240,1986-09-30,2006-08-31,2.907925534,9.241352388,0.05482196339,0.117583907,0.9250478071,0.9927068044,1.044650553,0.3916666667,fresh_investor_reset
HWM_DRAWDOWN,SSO,LAG1,0,30,120,1986-09-30,1996-08-30,29.60035548,45.54594742,0.1195435523,0.1357339434,0.917490315,0.9594614018,0.9899577092,0,fresh_investor_reset
HWM_DRAWDOWN,SSO,LAG1,25,20,240,1986-09-30,2006-08-31,2.016454254,6.546255219,0.03568913128,0.09849888066,0.950914637,1.011264893,1.059930678,0.625,fresh_investor_reset
HWM_DRAWDOWN,SSO,LAG1,25,30,120,1986-09-30,1996-08-30,18.45993596,28.20266808,0.1020612877,0.11774566,0.9542644916,0.9958184706,1.026064562,0.35,fresh_investor_reset
HWM_DRAWDOWN,SSO,LAG2,0,20,240,1986-09-30,2006-08-31,4.141605488,10.88940697,0.07363938933,0.1268085189,0.9148373789,0.9890278415,1.046285859,0.4166666667,fresh_investor_reset
HWM_DRAWDOWN,SSO,LAG2,0,30,120,1986-09-30,1996-08-30,33.2816874,56.2856939,0.1239263746,0.1437907808,0.9170228779,0.9507271461,0.977572174,0,fresh_investor_reset
HWM_DRAWDOWN,SSO,LAG2,25,20,240,1986-09-30,2006-08-31,2.851105974,7.761954638,0.05378173803,0.1078947531,0.9418513554,1.001960464,1.053822254,0.5291666667,fresh_investor_reset
HWM_DRAWDOWN,SSO,LAG2,25,30,120,1986-09-30,1996-08-30,20.62338425,34.51454165,0.1061397484,0.125295896,0.9483500545,0.9794881733,1.00702705,0.04166666667,fresh_investor_reset
HWM_DRAWDOWN,UPRO,LAG1,0,20,240,1986-09-30,2006-08-31,3.015817877,13.93898548,0.05674513122,0.1408053727,0.9134399337,1.019102379,1.121023309,0.6208333333,fresh_investor_reset
HWM_DRAWDOWN,UPRO,LAG1,0,30,120,1986-09-30,1996-08-30,52.79956095,95.63514857,0.1413488099,0.1641729919,0.9216801737,0.9977577538,1.051879882,0.4583333333,fresh_investor_reset
HWM_DRAWDOWN,UPRO,LAG1,25,20,240,1986-09-30,2006-08-31,2.110820117,9.957657322,0.03806025029,0.1217802304,0.9433638646,1.048115952,1.154397278,0.8041666667,fresh_investor_reset
HWM_DRAWDOWN,UPRO,LAG1,25,30,120,1986-09-30,1996-08-30,33.67557735,60.25232465,0.1243672279,0.1463757252,0.9841094456,1.058018555,1.115403794,0.9583333333,fresh_investor_reset
HWM_DRAWDOWN,UPRO,LAG2,0,20,240,1986-09-30,2006-08-31,5.35688303,18.52258562,0.08752843173,0.1571260839,0.8919351024,1.003612812,1.109519436,0.5208333333,fresh_investor_reset
HWM_DRAWDOWN,UPRO,LAG2,0,30,120,1986-09-30,1996-08-30,65.71365371,149.4982764,0.1497032417,0.1816290131,0.9119876999,0.9642240705,1.01967997,0.04166666667,fresh_investor_reset
HWM_DRAWDOWN,UPRO,LAG2,25,20,240,1986-09-30,2006-08-31,3.7040119,13.15261246,0.06765202187,0.1374978905,0.9229953872,1.021996036,1.117132253,0.6791666667,fresh_investor_reset
HWM_DRAWDOWN,UPRO,LAG2,25,30,120,1986-09-30,1996-08-30,40.774762,91.16558134,0.1315591614,0.1623051935,0.9466239009,0.9968713749,1.050580827,0.4333333333,fresh_investor_reset
HWM_RESERVE,SSO,LAG1,0,20,240,1986-09-30,2006-08-31,2.90407479,8.993463276,0.0547520784,0.1160823703,0.9661516012,0.9863579216,0.9973668498,0,fresh_investor_reset
HWM_RESERVE,SSO,LAG1,0,30,120,1986-09-30,1996-08-30,29.98372822,46.7616395,0.1200238605,0.1367448357,0.9617080889,0.9718275906,0.9862976121,0,fresh_investor_reset
HWM_RESERVE,SSO,LAG1,25,20,240,1986-09-30,2006-08-31,1.999180725,6.290472898,0.03524371555,0.09629818675,0.9736925537,0.9894780886,1.000187478,0.004166666667,fresh_investor_reset
HWM_RESERVE,SSO,LAG1,25,30,120,1986-09-30,1996-08-30,18.24842137,28.09855622,0.1016380431,0.1175849197,0.9715172214,0.9811696912,0.99467071,0,fresh_investor_reset
HWM_RESERVE,SSO,LAG2,0,20,240,1986-09-30,2006-08-31,4.153635964,10.8363466,0.0737951092,0.1265335662,0.968138764,0.9878520789,1.000599221,0.0125,fresh_investor_reset
HWM_RESERVE,SSO,LAG2,0,30,120,1986-09-30,1996-08-30,33.77584182,57.98142163,0.124478651,0.144930107,0.9649482374,0.9747262128,0.990528841,0,fresh_investor_reset
HWM_RESERVE,SSO,LAG2,25,20,240,1986-09-30,2006-08-31,2.847146976,7.51571099,0.05370852655,0.1061098805,0.967924517,0.988911658,1.002607061,0.0375,fresh_investor_reset
HWM_RESERVE,SSO,LAG2,25,30,120,1986-09-30,1996-08-30,20.39462614,34.49792796,0.1057285754,0.1252718138,0.9663015983,0.9765330411,0.991239402,0,fresh_investor_reset
HWM_RESERVE,UPRO,LAG1,0,20,240,1986-09-30,2006-08-31,2.974627641,12.95862829,0.05601875277,0.1366511628,0.9566247736,0.9881587562,1.008156815,0.05833333333,fresh_investor_reset
HWM_RESERVE,UPRO,LAG1,0,30,120,1986-09-30,1996-08-30,51.73083116,94.54505171,0.140571132,0.1637283372,0.9577147304,0.9752605261,0.9977093741,0,fresh_investor_reset
HWM_RESERVE,UPRO,LAG1,25,20,240,1986-09-30,2006-08-31,2.061289541,9.120033534,0.03682855622,0.116845875,0.9671933576,0.9935957727,1.013870527,0.1916666667,fresh_investor_reset
HWM_RESERVE,UPRO,LAG1,25,30,120,1986-09-30,1996-08-30,31.58433858,57.17816539,0.1219670746,0.1443696276,0.9706487598,0.988698086,1.009420651,0.09166666667,fresh_investor_reset
HWM_RESERVE,UPRO,LAG2,0,20,240,1986-09-30,2006-08-31,5.375446558,17.84384111,0.08772905007,0.1549615218,0.9493611422,0.9867130691,1.016438203,0.04583333333,fresh_investor_reset
HWM_RESERVE,UPRO,LAG2,0,30,120,1986-09-30,1996-08-30,64.51706809,150.4781996,0.148999223,0.18188019,0.950665097,0.9703333507,0.9964019219,0,fresh_investor_reset
HWM_RESERVE,UPRO,LAG2,25,20,240,1986-09-30,2006-08-31,3.705165805,12.57402368,0.06767821729,0.1349320846,0.9551028354,0.9894347728,1.01885099,0.05,fresh_investor_reset
HWM_RESERVE,UPRO,LAG2,25,30,120,1986-09-30,1996-08-30,39.19021501,90.05299825,0.1300651927,0.161827813,0.9578999865,0.9785140633,1.003383574,0.05833333333,fresh_investor_reset
NO_RESERVE,SSO,LAG1,0,20,240,1986-09-30,2006-08-31,2.926379788,9.141498648,0.05515566372,0.1169939336,1,1,1,0,fresh_investor_reset
NO_RESERVE,SSO,LAG1,0,30,120,1986-09-30,1996-08-30,30.78323265,48.0302168,0.1210067057,0.1377595208,1,1,1,0,fresh_investor_reset
NO_RESERVE,SSO,LAG1,25,20,240,1986-09-30,2006-08-31,2.005299505,6.383296647,0.03540191131,0.09710128118,1,1,1,0,fresh_investor_reset
NO_RESERVE,SSO,LAG1,25,30,120,1986-09-30,1996-08-30,18.5661094,28.52682016,0.1022719787,0.1181485115,1,1,1,0,fresh_investor_reset
NO_RESERVE,SSO,LAG2,0,20,240,1986-09-30,2006-08-31,4.179811725,10.97021535,0.07413244751,0.1272161392,1,1,1,0,fresh_investor_reset
NO_RESERVE,SSO,LAG2,0,30,120,1986-09-30,1996-08-30,34.57673707,59.43268159,0.1253573709,0.1458669051,1,1,1,0,fresh_investor_reset
NO_RESERVE,SSO,LAG2,25,20,240,1986-09-30,2006-08-31,2.864212779,7.626212325,0.05402342743,0.1069174449,1,1,1,0,fresh_investor_reset
NO_RESERVE,SSO,LAG2,25,30,120,1986-09-30,1996-08-30,20.85406332,35.27619491,0.1065499337,0.1261088248,1,1,1,0,fresh_investor_reset
NO_RESERVE,UPRO,LAG1,0,20,240,1986-09-30,2006-08-31,3.003519598,13.19756894,0.05652924637,0.137690185,1,1,1,0,fresh_investor_reset
NO_RESERVE,UPRO,LAG1,0,30,120,1986-09-30,1996-08-30,53.06498778,96.45530646,0.1415395925,0.1644883309,1,1,1,0,fresh_investor_reset
NO_RESERVE,UPRO,LAG1,25,20,240,1986-09-30,2006-08-31,2.058159501,9.240025723,0.03674977888,0.1175757595,1,1,1,0,fresh_investor_reset
NO_RESERVE,UPRO,LAG1,25,30,120,1986-09-30,1996-08-30,32.00477284,57.66869242,0.1224617114,0.1446944516,1,1,1,0,fresh_investor_reset
NO_RESERVE,UPRO,LAG2,0,20,240,1986-09-30,2006-08-31,5.45052877,18.2772059,0.08848370485,0.1563549575,1,1,1,0,fresh_investor_reset
NO_RESERVE,UPRO,LAG2,0,30,120,1986-09-30,1996-08-30,66.57257759,154.150737,0.1502009958,0.1828338407,1,1,1,0,fresh_investor_reset
NO_RESERVE,UPRO,LAG2,25,20,240,1986-09-30,2006-08-31,3.73497066,12.77490603,0.06810601239,0.1358319929,1,1,1,0,fresh_investor_reset
NO_RESERVE,UPRO,LAG2,25,30,120,1986-09-30,1996-08-30,40.15152574,91.63542169,0.1309783617,0.162505766,1,1,1,0,fresh_investor_reset
