series,fund,lag,cost_bps,deployment,cap,harvest,rebalance,average_reserve_weight,median_reserve_weight,fraction_reserve_zero,fraction_reserve_at_cap,fraction_reserve_above_cap,average_risky_exposure,average_effective_equity_exposure,average_leverage,average_total_safe_asset_weight,average_risky_sleeve_leverage,fraction_at_1x,fraction_at_2x,fraction_at_3x,fraction_sleeve_at_1x,fraction_sleeve_at_2x,fraction_sleeve_at_3x
NO_RESERVE,UPRO,LAG1,0,staged,0.15,0.1,rule,0,0,1,,,1,2.514862312,2.514862312,0,2.514862312,0.2425688438,0,0.7574311562,0.2425688438,0,0.7574311562
FIXED_90_10,UPRO,LAG1,0,staged,0.15,0.1,quarterly,0.09853525226,0.09748999479,0,,,0.9014647477,2.271307671,2.271307671,0.09853525226,2.514862312,0,0,0,0.2425688438,0,0.7574311562
FIXED_85_15,UPRO,LAG1,0,staged,0.15,0.1,quarterly,0.1478127947,0.1464391939,0,,,0.8521872053,2.149115205,2.149115205,0.1478127947,2.514862312,0,0,0,0.2425688438,0,0.7574311562
HWM_RESERVE,UPRO,LAG1,0,staged,0.15,0.1,rule,0.01192490817,0.000593219758,0.4520330053,0,0,0.9880750918,2.483691463,2.483691463,0.01192490817,2.514862312,0.1452430659,0,0.3067899394,0.2425688438,0,0.7574311562
ASYMMETRIC_RESERVE_BAND,UPRO,LAG1,0,staged,0.2,0.1,rule,0.03571447424,0.002094524747,0.4766875435,0,0,0.9642855258,2.418640292,2.418640292,0.03571447424,2.514862312,0.1527984889,0,0.3238890546,0.2425688438,0,0.7574311562
HWM_DRAWDOWN,UPRO,LAG1,0,drawdown,0.15,0.1,rule,0.07289534673,0.06921634591,0.1056765086,0,0.05050203798,0.9271046533,2.339710709,2.339710709,0.07289534673,2.514862312,0.03121582662,0,0.07446068198,0.2425688438,0,0.7574311562
BAND_DRAWDOWN,UPRO,LAG1,0,drawdown,0.2,0.1,rule,0.06976497374,0.0679181129,0.1118401432,0,0,0.9302350263,2.345117858,2.345117858,0.06976497374,2.514862312,0.03091758624,0,0.08092255691,0.2425688438,0,0.7574311562
SP500_1X,UPRO,LAG1,0,none,0,0,none,0,0,1,,,1,1,1,0,1,1,0,0,1,0,0
UPRO_ALWAYS,UPRO,LAG1,0,none,0,0,none,0,0,1,,,1,3,3,0,3,0,0,1,0,0,1
UPRO_SMA_TO_TBILL,UPRO,LAG1,0,none,0,0,none,0,0,1,,,1,2.272293469,2.272293469,0.2425688438,2.272293469,0,0,0.7574311562,0,0,0.7574311562
NO_RESERVE,UPRO,LAG1,10,staged,0.15,0.1,rule,0,0,1,,,1,2.514862312,2.514862312,0,2.514862312,0.2425688438,0,0.7574311562,0.2425688438,0,0.7574311562
FIXED_90_10,UPRO,LAG1,10,staged,0.15,0.1,quarterly,0.09853525226,0.09748999479,0,,,0.9014647477,2.271307671,2.271307671,0.09853525226,2.514862312,0,0,0,0.2425688438,0,0.7574311562
FIXED_85_15,UPRO,LAG1,10,staged,0.15,0.1,quarterly,0.1478127947,0.1464391939,0,,,0.8521872053,2.149115205,2.149115205,0.1478127947,2.514862312,0,0,0,0.2425688438,0,0.7574311562
HWM_RESERVE,UPRO,LAG1,10,staged,0.15,0.1,rule,0.01138440448,0.0003616489473,0.4600854956,0,0,0.9886155955,2.485256894,2.485256894,0.01138440448,2.514862312,0.1452430659,0,0.3148424297,0.2425688438,0,0.7574311562
ASYMMETRIC_RESERVE_BAND,UPRO,LAG1,10,staged,0.2,0.1,rule,0.03571346763,0.00208839367,0.4766875435,0,0,0.9642865324,2.418642857,2.418642857,0.03571346763,2.514862312,0.1527984889,0,0.3238890546,0.2425688438,0,0.7574311562
HWM_DRAWDOWN,UPRO,LAG1,10,drawdown,0.15,0.1,rule,0.07072959508,0.06592673353,0.1091559797,0,0.04960731683,0.9292704049,2.345360069,2.345360069,0.07072959508,2.514862312,0.03121582662,0,0.0779401531,0.2425688438,0,0.7574311562
BAND_DRAWDOWN,UPRO,LAG1,10,drawdown,0.2,0.1,rule,0.06970898834,0.06786527218,0.1118401432,0,0,0.9302910117,2.345241461,2.345241461,0.06970898834,2.514862312,0.03091758624,0,0.08092255691,0.2425688438,0,0.7574311562
SP500_1X,UPRO,LAG1,10,none,0,0,none,0,0,1,,,1,1,1,0,1,1,0,0,1,0,0
UPRO_ALWAYS,UPRO,LAG1,10,none,0,0,none,0,0,1,,,1,3,3,0,3,0,0,1,0,0,1
UPRO_SMA_TO_TBILL,UPRO,LAG1,10,none,0,0,none,0,0,1,,,1,2.272293469,2.272293469,0.2425688438,2.272293469,0,0,0.7574311562,0,0,0.7574311562
NO_RESERVE,UPRO,LAG1,25,staged,0.15,0.1,rule,0,0,1,,,1,2.514862312,2.514862312,0,2.514862312,0.2425688438,0,0.7574311562,0.2425688438,0,0.7574311562
FIXED_90_10,UPRO,LAG1,25,staged,0.15,0.1,quarterly,0.09853525226,0.09748999479,0,,,0.9014647477,2.271307671,2.271307671,0.09853525226,2.514862312,0,0,0,0.2425688438,0,0.7574311562
FIXED_85_15,UPRO,LAG1,25,staged,0.15,0.1,quarterly,0.1478127947,0.1464391939,0,,,0.8521872053,2.149115205,2.149115205,0.1478127947,2.514862312,0,0,0,0.2425688438,0,0.7574311562
HWM_RESERVE,UPRO,LAG1,25,staged,0.15,0.1,rule,0.01067661084,0.0001422592978,0.4764887166,0,0,0.9893233892,2.487292266,2.487292266,0.01067661084,2.514862312,0.1452430659,0,0.3312456507,0.2425688438,0,0.7574311562
ASYMMETRIC_RESERVE_BAND,UPRO,LAG1,25,staged,0.2,0.1,rule,0.03571195438,0.002079196851,0.4766875435,0,0,0.9642880456,2.418646714,2.418646714,0.03571195438,2.514862312,0.1527984889,0,0.3238890546,0.2425688438,0,0.7574311562
HWM_DRAWDOWN,UPRO,LAG1,25,drawdown,0.15,0.1,rule,0.06732031061,0.0619076352,0.1124366239,0,0.04652549955,0.9326796894,2.354243212,2.354243212,0.06732031061,2.514862312,0.03121582662,0,0.0812207973,0.2425688438,0,0.7574311562
BAND_DRAWDOWN,UPRO,LAG1,25,drawdown,0.2,0.1,rule,0.06962420383,0.06781059491,0.1118401432,0,0,0.9303757962,2.345428633,2.345428633,0.06962420383,2.514862312,0.03091758624,0,0.08092255691,0.2425688438,0,0.7574311562
SP500_1X,UPRO,LAG1,25,none,0,0,none,0,0,1,,,1,1,1,0,1,1,0,0,1,0,0
UPRO_ALWAYS,UPRO,LAG1,25,none,0,0,none,0,0,1,,,1,3,3,0,3,0,0,1,0,0,1
UPRO_SMA_TO_TBILL,UPRO,LAG1,25,none,0,0,none,0,0,1,,,1,2.272293469,2.272293469,0.2425688438,2.272293469,0,0,0.7574311562,0,0,0.7574311562
NO_RESERVE,UPRO,LAG1,50,staged,0.15,0.1,rule,0,0,1,,,1,2.514862312,2.514862312,0,2.514862312,0.2425688438,0,0.7574311562,0.2425688438,0,0.7574311562
FIXED_90_10,UPRO,LAG1,50,staged,0.15,0.1,quarterly,0.09853525226,0.09748999479,0,,,0.9014647477,2.271307671,2.271307671,0.09853525226,2.514862312,0,0,0,0.2425688438,0,0.7574311562
FIXED_85_15,UPRO,LAG1,50,staged,0.15,0.1,quarterly,0.1478127947,0.1464391939,0,,,0.8521872053,2.149115205,2.149115205,0.1478127947,2.514862312,0,0,0,0.2425688438,0,0.7574311562
HWM_RESERVE,UPRO,LAG1,50,staged,0.15,0.1,rule,0.009720742948,3.266964441e-06,0.4997514663,0,0,0.9902792571,2.489999524,2.489999524,0.009720742948,2.514862312,0.1452430659,0,0.3604732081,0.2425688438,0,0.7574311562
ASYMMETRIC_RESERVE_BAND,UPRO,LAG1,50,staged,0.2,0.1,rule,0.03570942337,0.002063868468,0.4766875435,0,0,0.9642905766,2.418653165,2.418653165,0.03570942337,2.514862312,0.1527984889,0,0.3238890546,0.2425688438,0,0.7574311562
HWM_DRAWDOWN,UPRO,LAG1,50,drawdown,0.15,0.1,rule,0.06123867058,0.05642636732,0.1275474699,0,0.04155482652,0.9387613294,2.370009991,2.370009991,0.06123867058,2.514862312,0.03121582662,0,0.0963316433,0.2425688438,0,0.7574311562
BAND_DRAWDOWN,UPRO,LAG1,50,drawdown,0.2,0.1,rule,0.06948071595,0.06773208344,0.1118401432,0,0,0.9305192841,2.34574537,2.34574537,0.06948071595,2.514862312,0.03091758624,0,0.08092255691,0.2425688438,0,0.7574311562
SP500_1X,UPRO,LAG1,50,none,0,0,none,0,0,1,,,1,1,1,0,1,1,0,0,1,0,0
UPRO_ALWAYS,UPRO,LAG1,50,none,0,0,none,0,0,1,,,1,3,3,0,3,0,0,1,0,0,1
UPRO_SMA_TO_TBILL,UPRO,LAG1,50,none,0,0,none,0,0,1,,,1,2.272293469,2.272293469,0.2425688438,2.272293469,0,0,0.7574311562,0,0,0.7574311562
NO_RESERVE,UPRO,LAG2,0,staged,0.15,0.1,rule,0,0,1,,,1,2.514663485,2.514663485,0,2.514663485,0.2426682573,0,0.7573317427,0.2426682573,0,0.7573317427
FIXED_90_10,UPRO,LAG2,0,staged,0.15,0.1,quarterly,0.09907838862,0.09788103635,0,,,0.9009216114,2.26996329,2.26996329,0.09907838862,2.514663485,0,0,0,0.2426682573,0,0.7573317427
FIXED_85_15,UPRO,LAG2,0,staged,0.15,0.1,quarterly,0.1485703772,0.1469945969,0,,,0.8514296228,2.147307163,2.147307163,0.1485703772,2.514663485,0,0,0,0.2426682573,0,0.7573317427
HWM_RESERVE,UPRO,LAG2,0,staged,0.15,0.1,rule,0.01243182105,0.0009626575696,0.3909931405,0,0,0.987568179,2.482288082,2.482288082,0.01243182105,2.514663485,0.1064718163,0,0.2845213242,0.2426682573,0,0.7573317427
ASYMMETRIC_RESERVE_BAND,UPRO,LAG2,0,staged,0.2,0.1,rule,0.03708842918,0.005516068823,0.4171388806,0,0,0.9629115708,2.415754941,2.415754941,0.03708842918,2.514663485,0.1139278258,0,0.3032110548,0.2426682573,0,0.7573317427
HWM_DRAWDOWN,UPRO,LAG2,0,drawdown,0.15,0.1,rule,0.07314492252,0.07165545443,0.0610398648,0,0.04642608609,0.9268550775,2.33906092,2.33906092,0.07314492252,2.514663485,0.02037975942,0,0.04066010538,0.2426682573,0,0.7573317427
BAND_DRAWDOWN,UPRO,LAG2,0,drawdown,0.2,0.1,rule,0.08287554507,0.0863896712,0.09543692216,0,0.007257182623,0.9171244549,2.316335561,2.316335561,0.08287554507,2.514663485,0.03022169202,0,0.06521523014,0.2426682573,0,0.7573317427
SP500_1X,UPRO,LAG2,0,none,0,0,none,0,0,1,,,1,1,1,0,1,1,0,0,1,0,0
UPRO_ALWAYS,UPRO,LAG2,0,none,0,0,none,0,0,1,,,1,3,3,0,3,0,0,1,0,0,1
UPRO_SMA_TO_TBILL,UPRO,LAG2,0,none,0,0,none,0,0,1,,,1,2.271995228,2.271995228,0.2426682573,2.271995228,0,0,0.7573317427,0,0,0.7573317427
NO_RESERVE,UPRO,LAG2,10,staged,0.15,0.1,rule,0,0,1,,,1,2.514663485,2.514663485,0,2.514663485,0.2426682573,0,0.7573317427,0.2426682573,0,0.7573317427
FIXED_90_10,UPRO,LAG2,10,staged,0.15,0.1,quarterly,0.09907838862,0.09788103635,0,,,0.9009216114,2.26996329,2.26996329,0.09907838862,2.514663485,0,0,0,0.2426682573,0,0.7573317427
FIXED_85_15,UPRO,LAG2,10,staged,0.15,0.1,quarterly,0.1485703772,0.1469945969,0,,,0.8514296228,2.147307163,2.147307163,0.1485703772,2.514663485,0,0,0,0.2426682573,0,0.7573317427
HWM_RESERVE,UPRO,LAG2,10,staged,0.15,0.1,rule,0.01216671349,0.0004058927271,0.4618749379,0,0,0.9878332865,2.483013109,2.483013109,0.01216671349,2.514663485,0.1470325082,0,0.3148424297,0.2426682573,0,0.7573317427
ASYMMETRIC_RESERVE_BAND,UPRO,LAG2,10,staged,0.2,0.1,rule,0.03708713204,0.005510664744,0.4171388806,0,0,0.962912868,2.415758022,2.415758022,0.03708713204,2.514663485,0.1139278258,0,0.3032110548,0.2426682573,0,0.7573317427
HWM_DRAWDOWN,UPRO,LAG2,10,drawdown,0.15,0.1,rule,0.07102616553,0.0687706985,0.06133810518,0,0.04533253803,0.9289738345,2.344219533,2.344219533,0.07102616553,2.514663485,0.03032110548,0,0.05318620141,0.2426682573,0,0.7573317427
BAND_DRAWDOWN,UPRO,LAG2,10,drawdown,0.2,0.1,rule,0.08283423441,0.08629558177,0.09543692216,0,0.007257182623,0.9171657656,2.316432542,2.316432542,0.08283423441,2.514663485,0.03022169202,0,0.06521523014,0.2426682573,0,0.7573317427
SP500_1X,UPRO,LAG2,10,none,0,0,none,0,0,1,,,1,1,1,0,1,1,0,0,1,0,0
UPRO_ALWAYS,UPRO,LAG2,10,none,0,0,none,0,0,1,,,1,3,3,0,3,0,0,1,0,0,1
UPRO_SMA_TO_TBILL,UPRO,LAG2,10,none,0,0,none,0,0,1,,,1,2.271995228,2.271995228,0.2426682573,2.271995228,0,0,0.7573317427,0,0,0.7573317427
NO_RESERVE,UPRO,LAG2,25,staged,0.15,0.1,rule,0,0,1,,,1,2.514663485,2.514663485,0,2.514663485,0.2426682573,0,0.7573317427,0.2426682573,0,0.7573317427
FIXED_90_10,UPRO,LAG2,25,staged,0.15,0.1,quarterly,0.09907838862,0.09788103635,0,,,0.9009216114,2.26996329,2.26996329,0.09907838862,2.514663485,0,0,0,0.2426682573,0,0.7573317427
FIXED_85_15,UPRO,LAG2,25,staged,0.15,0.1,quarterly,0.1485703772,0.1469945969,0,,,0.8514296228,2.147307163,2.147307163,0.1485703772,2.514663485,0,0,0,0.2426682573,0,0.7573317427
HWM_RESERVE,UPRO,LAG2,25,staged,0.15,0.1,rule,0.01157144769,0.0002344569722,0.4704244955,0,0,0.9884285523,2.48473175,2.48473175,0.01157144769,2.514663485,0.1470325082,0,0.3233919873,0.2426682573,0,0.7573317427
ASYMMETRIC_RESERVE_BAND,UPRO,LAG2,25,staged,0.2,0.1,rule,0.03708518194,0.005502538561,0.4171388806,0,0,0.9629148181,2.415762653,2.415762653,0.03708518194,2.514663485,0.1139278258,0,0.3032110548,0.2426682573,0,0.7573317427
HWM_DRAWDOWN,UPRO,LAG2,25,drawdown,0.15,0.1,rule,0.06805859084,0.06402888195,0.1044835471,0,0.04304602843,0.9319414092,2.351408308,2.351408308,0.06805859084,2.514663485,0.03131524008,0,0.07316830699,0.2426682573,0,0.7573317427
BAND_DRAWDOWN,UPRO,LAG2,25,drawdown,0.2,0.1,rule,0.08277168891,0.08620310257,0.09543692216,0,0.007257182623,0.9172283111,2.316579362,2.316579362,0.08277168891,2.514663485,0.03022169202,0,0.06521523014,0.2426682573,0,0.7573317427
SP500_1X,UPRO,LAG2,25,none,0,0,none,0,0,1,,,1,1,1,0,1,1,0,0,1,0,0
UPRO_ALWAYS,UPRO,LAG2,25,none,0,0,none,0,0,1,,,1,3,3,0,3,0,0,1,0,0,1
UPRO_SMA_TO_TBILL,UPRO,LAG2,25,none,0,0,none,0,0,1,,,1,2.271995228,2.271995228,0.2426682573,2.271995228,0,0,0.7573317427,0,0,0.7573317427
NO_RESERVE,UPRO,LAG2,50,staged,0.15,0.1,rule,0,0,1,,,1,2.514663485,2.514663485,0,2.514663485,0.2426682573,0,0.7573317427,0.2426682573,0,0.7573317427
FIXED_90_10,UPRO,LAG2,50,staged,0.15,0.1,quarterly,0.09907838862,0.09788103635,0,,,0.9009216114,2.26996329,2.26996329,0.09907838862,2.514663485,0,0,0,0.2426682573,0,0.7573317427
FIXED_85_15,UPRO,LAG2,50,staged,0.15,0.1,quarterly,0.1485703772,0.1469945969,0,,,0.8514296228,2.147307163,2.147307163,0.1485703772,2.514663485,0,0,0,0.2426682573,0,0.7573317427
HWM_RESERVE,UPRO,LAG2,50,staged,0.15,0.1,rule,0.01033589682,5.14634751e-06,0.494283726,0,0,0.9896641032,2.488311109,2.488311109,0.01033589682,2.514663485,0.1472313351,0,0.3568943235,0.2426682573,0,0.7573317427
ASYMMETRIC_RESERVE_BAND,UPRO,LAG2,50,staged,0.2,0.1,rule,0.03708192007,0.005488941149,0.4171388806,0,0,0.9629180799,2.4157704,2.4157704,0.03708192007,2.514663485,0.1139278258,0,0.3032110548,0.2426682573,0,0.7573317427
HWM_DRAWDOWN,UPRO,LAG2,50,drawdown,0.15,0.1,rule,0.06269759233,0.05587509376,0.1116413162,0,0.03976538423,0.9373024077,2.365173342,2.365173342,0.06269759233,2.514663485,0.03131524008,0,0.08032607615,0.2426682573,0,0.7573317427
BAND_DRAWDOWN,UPRO,LAG2,50,drawdown,0.2,0.1,rule,0.08266588027,0.08591990168,0.09543692216,0,0.007257182623,0.9173341197,2.316827702,2.316827702,0.08266588027,2.514663485,0.03022169202,0,0.06521523014,0.2426682573,0,0.7573317427
SP500_1X,UPRO,LAG2,50,none,0,0,none,0,0,1,,,1,1,1,0,1,1,0,0,1,0,0
UPRO_ALWAYS,UPRO,LAG2,50,none,0,0,none,0,0,1,,,1,3,3,0,3,0,0,1,0,0,1
UPRO_SMA_TO_TBILL,UPRO,LAG2,50,none,0,0,none,0,0,1,,,1,2.271995228,2.271995228,0.2426682573,2.271995228,0,0,0.7573317427,0,0,0.7573317427
NO_RESERVE,SSO,LAG1,0,staged,0.15,0.1,rule,0,0,1,,,1,1.757431156,1.757431156,0,1.757431156,0.2425688438,0.7574311562,0,0.2425688438,0.7574311562,0
FIXED_90_10,SSO,LAG1,0,staged,0.15,0.1,quarterly,0.09866616764,0.09791913132,0,,,0.9013338324,1.585575881,1.585575881,0.09866616764,1.757431156,0,0,0,0.2425688438,0.7574311562,0
FIXED_85_15,SSO,LAG1,0,staged,0.15,0.1,quarterly,0.1480525109,0.1470486909,0,,,0.8519474891,1.499414004,1.499414004,0.1480525109,1.757431156,0,0,0,0.2425688438,0.7574311562,0
HWM_RESERVE,SSO,LAG1,0,staged,0.15,0.1,rule,0.009936592048,0.001293671509,0.3581866985,0,0,0.990063408,1.739238848,1.739238848,0.009936592048,1.757431156,0.104682374,0.2574808629,0,0.2425688438,0.7574311562,0
ASYMMETRIC_RESERVE_BAND,SSO,LAG1,0,staged,0.2,0.1,rule,0.04012474956,0.01185739596,0.3590814196,0,0,0.9598752504,1.683033274,1.683033274,0.04012474956,1.757431156,0.1043841336,0.254697286,0,0.2425688438,0.7574311562,0
HWM_DRAWDOWN,SSO,LAG1,0,drawdown,0.15,0.1,rule,0.06156375867,0.0606534629,0.0610398648,0,0.01043841336,0.9384362413,1.651218681,1.651218681,0.06156375867,1.757431156,0.02028034596,0.04075951884,0,0.2425688438,0.7574311562,0
BAND_DRAWDOWN,SSO,LAG1,0,drawdown,0.2,0.1,rule,0.06879126531,0.0735738606,0.09543692216,0,0,0.9312087347,1.638033064,1.638033064,0.06879126531,1.757431156,0.03022169202,0.06521523014,0,0.2425688438,0.7574311562,0
SP500_1X,SSO,LAG1,0,none,0,0,none,0,0,1,,,1,1,1,0,1,1,0,0,1,0,0
SSO_ALWAYS,SSO,LAG1,0,none,0,0,none,0,0,1,,,1,2,2,0,2,0,1,0,0,1,0
SSO_SMA_TO_TBILL,SSO,LAG1,0,none,0,0,none,0,0,1,,,1,1.514862312,1.514862312,0.2425688438,1.514862312,0,0.7574311562,0,0,0.7574311562,0
NO_RESERVE,SSO,LAG1,10,staged,0.15,0.1,rule,0,0,1,,,1,1.757431156,1.757431156,0,1.757431156,0.2425688438,0.7574311562,0,0.2425688438,0.7574311562,0
FIXED_90_10,SSO,LAG1,10,staged,0.15,0.1,quarterly,0.09866616764,0.09791913132,0,,,0.9013338324,1.585575881,1.585575881,0.09866616764,1.757431156,0,0,0,0.2425688438,0.7574311562,0
FIXED_85_15,SSO,LAG1,10,staged,0.15,0.1,quarterly,0.1480525109,0.1470486909,0,,,0.8519474891,1.499414004,1.499414004,0.1480525109,1.757431156,0,0,0,0.2425688438,0.7574311562,0
HWM_RESERVE,SSO,LAG1,10,staged,0.15,0.1,rule,0.009661506683,0.001016127684,0.4310567651,0,0,0.9903384933,1.739764121,1.739764121,0.009661506683,1.757431156,0.1452430659,0.2858136992,0,0.2425688438,0.7574311562,0
ASYMMETRIC_RESERVE_BAND,SSO,LAG1,10,staged,0.2,0.1,rule,0.04012354898,0.01184872472,0.3590814196,0,0,0.959876451,1.683035323,1.683035323,0.04012354898,1.757431156,0.1043841336,0.254697286,0,0.2425688438,0.7574311562,0
HWM_DRAWDOWN,SSO,LAG1,10,drawdown,0.15,0.1,rule,0.05931127393,0.05709321003,0.095834576,0,0.009344865295,0.9406887261,1.655125568,1.655125568,0.05931127393,1.757431156,0.0305199324,0.0653146436,0,0.2425688438,0.7574311562,0
BAND_DRAWDOWN,SSO,LAG1,10,drawdown,0.2,0.1,rule,0.06876208343,0.0735738606,0.09543692216,0,0,0.9312379166,1.638082934,1.638082934,0.06876208343,1.757431156,0.03022169202,0.06521523014,0,0.2425688438,0.7574311562,0
SP500_1X,SSO,LAG1,10,none,0,0,none,0,0,1,,,1,1,1,0,1,1,0,0,1,0,0
SSO_ALWAYS,SSO,LAG1,10,none,0,0,none,0,0,1,,,1,2,2,0,2,0,1,0,0,1,0
SSO_SMA_TO_TBILL,SSO,LAG1,10,none,0,0,none,0,0,1,,,1,1.514862312,1.514862312,0.2425688438,1.514862312,0,0.7574311562,0,0,0.7574311562,0
NO_RESERVE,SSO,LAG1,25,staged,0.15,0.1,rule,0,0,1,,,1,1.757431156,1.757431156,0,1.757431156,0.2425688438,0.7574311562,0,0.2425688438,0.7574311562,0
FIXED_90_10,SSO,LAG1,25,staged,0.15,0.1,quarterly,0.09866616764,0.09791913132,0,,,0.9013338324,1.585575881,1.585575881,0.09866616764,1.757431156,0,0,0,0.2425688438,0.7574311562,0
FIXED_85_15,SSO,LAG1,25,staged,0.15,0.1,quarterly,0.1480525109,0.1470486909,0,,,0.8519474891,1.499414004,1.499414004,0.1480525109,1.757431156,0,0,0,0.2425688438,0.7574311562,0
HWM_RESERVE,SSO,LAG1,25,staged,0.15,0.1,rule,0.008769909247,0.0005664612566,0.4457699573,0,0,0.9912300908,1.741508684,1.741508684,0.008769909247,1.757431156,0.1452430659,0.3005268913,0,0.2425688438,0.7574311562,0
ASYMMETRIC_RESERVE_BAND,SSO,LAG1,25,staged,0.2,0.1,rule,0.04012174407,0.01183369231,0.3590814196,0,0,0.9598782559,1.683038403,1.683038403,0.04012174407,1.757431156,0.1043841336,0.254697286,0,0.2425688438,0.7574311562,0
HWM_DRAWDOWN,SSO,LAG1,25,drawdown,0.15,0.1,rule,0.05571599977,0.05151978545,0.1079630182,0,0.007257182623,0.9442840002,1.661538593,1.661538593,0.05571599977,1.757431156,0.03121582662,0.07674719157,0,0.2425688438,0.7574311562,0
BAND_DRAWDOWN,SSO,LAG1,25,drawdown,0.2,0.1,rule,0.06871785904,0.0735738606,0.09543692216,0,0,0.931282141,1.638158509,1.638158509,0.06871785904,1.757431156,0.03022169202,0.06521523014,0,0.2425688438,0.7574311562,0
SP500_1X,SSO,LAG1,25,none,0,0,none,0,0,1,,,1,1,1,0,1,1,0,0,1,0,0
SSO_ALWAYS,SSO,LAG1,25,none,0,0,none,0,0,1,,,1,2,2,0,2,0,1,0,0,1,0
SSO_SMA_TO_TBILL,SSO,LAG1,25,none,0,0,none,0,0,1,,,1,1.514862312,1.514862312,0.2425688438,1.514862312,0,0.7574311562,0,0,0.7574311562,0
NO_RESERVE,SSO,LAG1,50,staged,0.15,0.1,rule,0,0,1,,,1,1.757431156,1.757431156,0,1.757431156,0.2425688438,0.7574311562,0,0.2425688438,0.7574311562,0
FIXED_90_10,SSO,LAG1,50,staged,0.15,0.1,quarterly,0.09866616764,0.09791913132,0,,,0.9013338324,1.585575881,1.585575881,0.09866616764,1.757431156,0,0,0,0.2425688438,0.7574311562,0
FIXED_85_15,SSO,LAG1,50,staged,0.15,0.1,quarterly,0.1480525109,0.1470486909,0,,,0.8519474891,1.499414004,1.499414004,0.1480525109,1.757431156,0,0,0,0.2425688438,0.7574311562,0
HWM_RESERVE,SSO,LAG1,50,staged,0.15,0.1,rule,0.007598721919,8.377512835e-05,0.4837458992,0,0,0.9924012781,1.743781239,1.743781239,0.007598721919,1.757431156,0.1452430659,0.3385028333,0,0.2425688438,0.7574311562,0
ASYMMETRIC_RESERVE_BAND,SSO,LAG1,50,staged,0.2,0.1,rule,0.04011872505,0.01183369231,0.3590814196,0,0,0.9598812749,1.683043555,1.683043555,0.04011872505,1.757431156,0.1043841336,0.254697286,0,0.2425688438,0.7574311562,0
HWM_DRAWDOWN,SSO,LAG1,50,drawdown,0.15,0.1,rule,0.04897510812,0.04501673564,0.1250621334,0,0.001988269212,0.9510248919,1.673732019,1.673732019,0.04897510812,1.757431156,0.03121582662,0.09384630679,0,0.2425688438,0.7574311562,0
BAND_DRAWDOWN,SSO,LAG1,50,drawdown,0.2,0.1,rule,0.06864292933,0.0735738606,0.09543692216,0,0,0.9313570707,1.638286553,1.638286553,0.06864292933,1.757431156,0.03022169202,0.06521523014,0,0.2425688438,0.7574311562,0
SP500_1X,SSO,LAG1,50,none,0,0,none,0,0,1,,,1,1,1,0,1,1,0,0,1,0,0
SSO_ALWAYS,SSO,LAG1,50,none,0,0,none,0,0,1,,,1,2,2,0,2,0,1,0,0,1,0
SSO_SMA_TO_TBILL,SSO,LAG1,50,none,0,0,none,0,0,1,,,1,1.514862312,1.514862312,0.2425688438,1.514862312,0,0.7574311562,0,0,0.7574311562,0
NO_RESERVE,SSO,LAG2,0,staged,0.15,0.1,rule,0,0,1,,,1,1.757331743,1.757331743,0,1.757331743,0.2426682573,0.7573317427,0,0.2426682573,0.7573317427,0
FIXED_90_10,SSO,LAG2,0,staged,0.15,0.1,quarterly,0.09903604948,0.09820361152,0,,,0.9009639505,1.584897179,1.584897179,0.09903604948,1.757331743,0,0,0,0.2426682573,0.7573317427,0
FIXED_85_15,SSO,LAG2,0,staged,0.15,0.1,quarterly,0.1485714002,0.147452574,0,,,0.8514285998,1.498499932,1.498499932,0.1485714002,1.757331743,0,0,0,0.2426682573,0.7573317427,0
HWM_RESERVE,SSO,LAG2,0,staged,0.15,0.1,rule,0.009959506763,0.00202965728,0.335421016,0,0,0.9900404932,1.739163442,1.739163442,0.009959506763,1.757331743,0.1044835471,0.2309374689,0,0.2426682573,0.7573317427,0
ASYMMETRIC_RESERVE_BAND,SSO,LAG2,0,staged,0.2,0.1,rule,0.0417613455,0.02074404401,0.3379063525,0,0,0.9582386545,1.679800674,1.679800674,0.0417613455,1.757331743,0.1040858932,0.2338204593,0,0.2426682573,0.7573317427,0
HWM_DRAWDOWN,SSO,LAG2,0,drawdown,0.15,0.1,rule,0.06184608566,0.06251409645,0.05656625907,0,0.009543692216,0.9381539143,1.650704978,1.650704978,0.06184608566,1.757331743,0.02037975942,0.03618649965,0,0.2426682573,0.7573317427,0
BAND_DRAWDOWN,SSO,LAG2,0,drawdown,0.2,0.1,rule,0.0714859831,0.07598971628,0.08291082613,0,0,0.9285140169,1.632486872,1.632486872,0.0714859831,1.757331743,0.02992345164,0.05298737449,0,0.2426682573,0.7573317427,0
SP500_1X,SSO,LAG2,0,none,0,0,none,0,0,1,,,1,1,1,0,1,1,0,0,1,0,0
SSO_ALWAYS,SSO,LAG2,0,none,0,0,none,0,0,1,,,1,2,2,0,2,0,1,0,0,1,0
SSO_SMA_TO_TBILL,SSO,LAG2,0,none,0,0,none,0,0,1,,,1,1.514663485,1.514663485,0.2426682573,1.514663485,0,0.7573317427,0,0,0.7573317427,0
NO_RESERVE,SSO,LAG2,10,staged,0.15,0.1,rule,0,0,1,,,1,1.757331743,1.757331743,0,1.757331743,0.2426682573,0.7573317427,0,0.2426682573,0.7573317427,0
FIXED_90_10,SSO,LAG2,10,staged,0.15,0.1,quarterly,0.09903604948,0.09820361152,0,,,0.9009639505,1.584897179,1.584897179,0.09903604948,1.757331743,0,0,0,0.2426682573,0.7573317427,0
FIXED_85_15,SSO,LAG2,10,staged,0.15,0.1,quarterly,0.1485714002,0.147452574,0,,,0.8514285998,1.498499932,1.498499932,0.1485714002,1.757331743,0,0,0,0.2426682573,0.7573317427,0
HWM_RESERVE,SSO,LAG2,10,staged,0.15,0.1,rule,0.009649525458,0.001437129021,0.3609702754,0,0,0.9903504745,1.739750551,1.739750551,0.009649525458,1.757331743,0.1047817875,0.2561884879,0,0.2426682573,0.7573317427,0
ASYMMETRIC_RESERVE_BAND,SSO,LAG2,10,staged,0.2,0.1,rule,0.04175982613,0.02072769168,0.3379063525,0,0,0.9582401739,1.679803364,1.679803364,0.04175982613,1.757331743,0.1040858932,0.2338204593,0,0.2426682573,0.7573317427,0
HWM_DRAWDOWN,SSO,LAG2,10,drawdown,0.15,0.1,rule,0.05949744935,0.05919852276,0.08310965305,9.941346058e-05,0.008251317228,0.9405025507,1.654810546,1.654810546,0.05949744935,1.757331743,0.03032110548,0.05278854757,0,0.2426682573,0.7573317427,0
BAND_DRAWDOWN,SSO,LAG2,10,drawdown,0.2,0.1,rule,0.07146002834,0.07598971628,0.08291082613,0,0,0.9285399717,1.632530352,1.632530352,0.07146002834,1.757331743,0.02992345164,0.05298737449,0,0.2426682573,0.7573317427,0
SP500_1X,SSO,LAG2,10,none,0,0,none,0,0,1,,,1,1,1,0,1,1,0,0,1,0,0
SSO_ALWAYS,SSO,LAG2,10,none,0,0,none,0,0,1,,,1,2,2,0,2,0,1,0,0,1,0
SSO_SMA_TO_TBILL,SSO,LAG2,10,none,0,0,none,0,0,1,,,1,1.514663485,1.514663485,0.2426682573,1.514663485,0,0.7573317427,0,0,0.7573317427,0
NO_RESERVE,SSO,LAG2,25,staged,0.15,0.1,rule,0,0,1,,,1,1.757331743,1.757331743,0,1.757331743,0.2426682573,0.7573317427,0,0.2426682573,0.7573317427,0
FIXED_90_10,SSO,LAG2,25,staged,0.15,0.1,quarterly,0.09903604948,0.09820361152,0,,,0.9009639505,1.584897179,1.584897179,0.09903604948,1.757331743,0,0,0,0.2426682573,0.7573317427,0
FIXED_85_15,SSO,LAG2,25,staged,0.15,0.1,quarterly,0.1485714002,0.147452574,0,,,0.8514285998,1.498499932,1.498499932,0.1485714002,1.757331743,0,0,0,0.2426682573,0.7573317427,0
HWM_RESERVE,SSO,LAG2,25,staged,0.15,0.1,rule,0.009241325003,0.0005978714613,0.4414951784,0,0,0.990758675,1.740519814,1.740519814,0.009241325003,1.757331743,0.1453424794,0.2961526991,0,0.2426682573,0.7573317427,0
ASYMMETRIC_RESERVE_BAND,SSO,LAG2,25,staged,0.2,0.1,rule,0.04175754193,0.02069786847,0.3379063525,0,0,0.9582424581,1.679807408,1.679807408,0.04175754193,1.757331743,0.1040858932,0.2338204593,0,0.2426682573,0.7573317427,0
HWM_DRAWDOWN,SSO,LAG2,25,drawdown,0.15,0.1,rule,0.0561661694,0.05394189765,0.1037876528,0,0.004970673029,0.9438338306,1.660624689,1.660624689,0.0561661694,1.757331743,0.03131524008,0.07257182623,0,0.2426682573,0.7573317427,0
BAND_DRAWDOWN,SSO,LAG2,25,drawdown,0.2,0.1,rule,0.07142069749,0.07598971628,0.08291082613,0,0,0.9285793025,1.632596237,1.632596237,0.07142069749,1.757331743,0.02992345164,0.05298737449,0,0.2426682573,0.7573317427,0
SP500_1X,SSO,LAG2,25,none,0,0,none,0,0,1,,,1,1,1,0,1,1,0,0,1,0,0
SSO_ALWAYS,SSO,LAG2,25,none,0,0,none,0,0,1,,,1,2,2,0,2,0,1,0,0,1,0
SSO_SMA_TO_TBILL,SSO,LAG2,25,none,0,0,none,0,0,1,,,1,1.514663485,1.514663485,0.2426682573,1.514663485,0,0.7573317427,0,0,0.7573317427,0
NO_RESERVE,SSO,LAG2,50,staged,0.15,0.1,rule,0,0,1,,,1,1.757331743,1.757331743,0,1.757331743,0.2426682573,0.7573317427,0,0.2426682573,0.7573317427,0
FIXED_90_10,SSO,LAG2,50,staged,0.15,0.1,quarterly,0.09903604948,0.09820361152,0,,,0.9009639505,1.584897179,1.584897179,0.09903604948,1.757331743,0,0,0,0.2426682573,0.7573317427,0
FIXED_85_15,SSO,LAG2,50,staged,0.15,0.1,quarterly,0.1485714002,0.147452574,0,,,0.8514285998,1.498499932,1.498499932,0.1485714002,1.757331743,0,0,0,0.2426682573,0.7573317427,0
HWM_RESERVE,SSO,LAG2,50,staged,0.15,0.1,rule,0.007902525647,0.0002019662077,0.4689332936,0,0,0.9920974744,1.743136965,1.743136965,0.007902525647,1.757331743,0.1453424794,0.3235908142,0,0.2426682573,0.7573317427,0
ASYMMETRIC_RESERVE_BAND,SSO,LAG2,50,staged,0.2,0.1,rule,0.04175372112,0.0206559343,0.3379063525,0,0,0.9582462789,1.679814174,1.679814174,0.04175372112,1.757331743,0.1040858932,0.2338204593,0,0.2426682573,0.7573317427,0
HWM_DRAWDOWN,SSO,LAG2,50,drawdown,0.15,0.1,rule,0.05010793577,0.04413790564,0.112237797,0,0.001590615369,0.9498920642,1.671419813,1.671419813,0.05010793577,1.757331743,0.03131524008,0.08092255691,0,0.2426682573,0.7573317427,0
BAND_DRAWDOWN,SSO,LAG2,50,drawdown,0.2,0.1,rule,0.07135406689,0.07598971628,0.08291082613,0,0,0.9286459331,1.632707849,1.632707849,0.07135406689,1.757331743,0.02992345164,0.05298737449,0,0.2426682573,0.7573317427,0
SP500_1X,SSO,LAG2,50,none,0,0,none,0,0,1,,,1,1,1,0,1,1,0,0,1,0,0
SSO_ALWAYS,SSO,LAG2,50,none,0,0,none,0,0,1,,,1,2,2,0,2,0,1,0,0,1,0
SSO_SMA_TO_TBILL,SSO,LAG2,50,none,0,0,none,0,0,1,,,1,1.514663485,1.514663485,0.2426682573,1.514663485,0,0.7573317427,0,0,0.7573317427,0
