series,lag,switch_cost_bps,period,entry_close,first_return,last_return,observations,cagr,max_drawdown,terminal_multiple,years,annualized_volatility,sharpe,longest_underwater_calendar_days,max_drawdown_peak,max_drawdown_trough,max_drawdown_recovery,max_drawdown_recovered,max_drawdown_recovery_days_from_trough,max_drawdown_recovery_days_from_peak,worst_calendar_year,worst_calendar_year_return,best_calendar_year,best_calendar_year_return,worst_rolling_1y_cagr,worst_rolling_5y_cagr,worst_rolling_10y_cagr,switch_count,switches_per_year
UPRO_SMA_TO_SP500,LAG1,0,1987_1999,1986-12-31,1987-01-02,1999-12-31,3286,0.3317949611,-0.5053980643,41.45726076,12.99931554,0.381993178,0.7984345898,713,1987-08-25,1988-11-16,1989-08-07,True,264,713,1990,-0.2394118108,1995,1.22788602,-0.4948529265,0.03436144189,0.2029251877,66,5.077190396
UPRO_SMA_TO_SP500,LAG1,0,2000_2009,1999-12-31,2000-01-03,2009-12-31,2515,-0.05335833009,-0.7249622766,0.5778612545,10.00136893,0.3659753734,-0.04156520619,3653,1999-12-31,2009-03-09,,False,,,2000,-0.4867144888,2003,0.7447869539,-0.5396321429,-0.149814471,-0.05335833009,92,9.198740761
UPRO_SMA_TO_SP500,LAG1,0,2010_2019,2009-12-31,2010-01-04,2019-12-31,2516,0.2318724654,-0.4208131783,8.045138087,9.998631075,0.3490756368,0.7581978661,699,2018-01-26,2018-12-24,2019-12-26,True,367,699,2018,-0.2356810837,2013,1.18798752,-0.3464475586,0.09803667923,0.2318724654,60,6.000821468
UPRO_SMA_TO_SP500,LAG1,0,2020_latest,2019-12-31,2020-01-02,2026-09-02,1676,0.274795843,-0.5572725565,5.052600402,6.672142368,0.4058163549,0.7338930457,807,2020-02-19,2020-03-23,2020-12-17,True,269,302,2022,-0.4222627996,2021,0.9825793327,-0.4381098401,0.1861539858,,40,5.995075913
UPRO_SMA_TO_SP500,LAG1,25,1987_1999,1986-12-31,1987-01-02,1999-12-31,3286,0.3149764522,-0.5152039791,35.14408906,12.99931554,0.3821158024,0.7651101657,734,1987-08-25,1988-11-16,1989-08-28,True,285,734,1990,-0.263763518,1995,1.22788602,-0.5023676177,0.01894895117,0.1867769578,66,5.077190396
UPRO_SMA_TO_SP500,LAG1,25,2000_2009,1999-12-31,2000-01-03,2009-12-31,2515,-0.07490633564,-0.777674573,0.458997983,10.00136893,0.3656945947,-0.1049177987,3653,1999-12-31,2009-03-09,,False,,,2000,-0.5129988387,2003,0.7230858939,-0.5566084725,-0.1712494781,-0.07490633564,92,9.198740761
UPRO_SMA_TO_SP500,LAG1,25,2010_2019,2009-12-31,2010-01-04,2019-12-31,2516,0.2135069869,-0.4365432062,6.923214131,9.998631075,0.3492926051,0.714861131,704,2018-01-26,2018-12-24,,False,,,2018,-0.25643908,2013,1.18798752,-0.3641137854,0.07734249265,0.2135069869,60,6.000821468
UPRO_SMA_TO_SP500,LAG1,25,2020_latest,2019-12-31,2020-01-02,2026-09-02,1676,0.2558084984,-0.5627790482,4.571209511,6.672142368,0.4059653314,0.6966746152,890,2020-02-19,2020-03-23,2020-12-31,True,283,316,2022,-0.4407601774,2021,0.9825793327,-0.4561119666,0.1684701053,,40,5.995075913
VOL_BINARY,LAG1,0,1987_1999,1986-12-31,1987-01-02,1999-12-31,3286,0.3216638797,-0.5142490165,37.53966321,12.99931554,0.3901916304,0.7705907064,808,1989-10-09,1990-10-11,1991-12-26,True,441,808,1990,-0.3187028659,1995,1.22788602,-0.5033501469,0.0563558886,0.2311268933,58,4.461773378
VOL_BINARY,LAG1,0,2000_2009,1999-12-31,2000-01-03,2009-12-31,2515,-0.1424178896,-0.884043397,0.2151125695,10.00136893,0.4023736921,-0.2484058634,3569,2000-03-24,2009-03-09,,False,,,2008,-0.6633746293,2003,0.7407132409,-0.7333888833,-0.2136490965,-0.1424178896,70,6.999041883
VOL_BINARY,LAG1,0,2010_2019,2009-12-31,2010-01-04,2019-12-31,2516,0.3125175262,-0.3824757987,15.16664201,9.998631075,0.3551503999,0.9302630811,521,2011-04-29,2011-10-03,2012-03-26,True,175,332,2018,-0.1355625666,2013,1.18798752,-0.2733182673,0.1888511325,0.3125175262,36,3.600492881
VOL_BINARY,LAG1,0,2020_latest,2019-12-31,2020-01-02,2026-09-02,1676,0.2699623545,-0.4908101854,4.926146349,6.672142368,0.4130028814,0.7190715378,755,2020-02-19,2020-03-23,2021-02-12,True,326,359,2022,-0.3687687502,2021,0.8686921526,-0.3888191532,0.2025256938,,46,6.8943373
VOL_BINARY,LAG1,25,1987_1999,1986-12-31,1987-01-02,1999-12-31,3286,0.3069851307,-0.5202906202,32.46675059,12.99931554,0.390055881,0.7421591894,809,1989-10-09,1990-10-11,1991-12-27,True,442,809,1990,-0.3288586638,1995,1.22788602,-0.5095315115,0.05213305826,0.2255931191,58,4.461773378
VOL_BINARY,LAG1,25,2000_2009,1999-12-31,2000-01-03,2009-12-31,2515,-0.1573114657,-0.9002139698,0.1805381937,10.00136893,0.4026134375,-0.291550774,3569,2000-03-24,2009-03-09,,False,,,2008,-0.6790096122,2003,0.7062020826,-0.7470142693,-0.2273093114,-0.1573114657,70,6.999041883
VOL_BINARY,LAG1,25,2010_2019,2009-12-31,2010-01-04,2019-12-31,2516,0.3007416036,-0.3840196092,13.8597052,9.998631075,0.3551072522,0.9048943209,551,2011-04-29,2011-10-03,2012-03-26,True,175,332,2018,-0.1548190408,2013,1.18798752,-0.291197691,0.1764163425,0.3007416036,36,3.600492881
VOL_BINARY,LAG1,25,2020_latest,2019-12-31,2020-01-02,2026-09-02,1676,0.2482341017,-0.4946195697,4.390367861,6.672142368,0.4131584157,0.6770992145,792,2020-02-19,2020-03-23,2021-04-01,True,374,407,2022,-0.3965785148,2021,0.8593603711,-0.4157635997,0.1857936709,,46,6.8943373
REL_VOL,LAG1,0,1987_1999,1986-12-31,1987-01-02,1999-12-31,3286,0.3187208153,-0.4630408611,36.46741315,12.99931554,0.3520440384,0.8079948938,521,1987-08-25,1987-12-04,1989-01-27,True,420,521,1994,-0.02135327782,1995,0.8391718745,-0.2817701442,0.1115490645,0.2209781678,182,14.00073715
REL_VOL,LAG1,0,2000_2009,1999-12-31,2000-01-03,2009-12-31,2515,-0.1864358424,-0.965058382,0.1269975678,10.00136893,0.4580653946,-0.2811322791,3653,1999-12-31,2009-03-09,,False,,,2008,-0.6188430959,2003,0.6184927469,-0.7810272517,-0.3220162586,-0.1864358424,112,11.19846701
REL_VOL,LAG1,0,2010_2019,2009-12-31,2010-01-04,2019-12-31,2516,0.198115261,-0.4280526077,6.093664529,9.998631075,0.3026251866,0.73138341,801,2011-04-29,2011-11-25,2012-03-15,True,111,321,2015,-0.07287389298,2019,0.595706677,-0.2449321034,0.02646164274,0.198115261,116,11.60158817
REL_VOL,LAG1,0,2020_latest,2019-12-31,2020-01-02,2026-09-02,1676,0.2599075413,-0.4362457366,4.671689044,6.672142368,0.3836654502,0.7218280947,490,2022-08-16,2022-09-30,2023-12-19,True,445,490,2022,-0.324048557,2023,0.6026859979,-0.3555798316,0.1405817618,,82,12.28990562
REL_VOL,LAG1,25,1987_1999,1986-12-31,1987-01-02,1999-12-31,3286,0.2733058108,-0.4710450757,23.12349896,12.99931554,0.3519804135,0.7087219131,524,1987-08-25,1987-12-04,1989-01-30,True,423,524,1990,-0.05321972162,1995,0.7625509946,-0.2924258106,0.07703386034,0.1816062829,182,14.00073715
REL_VOL,LAG1,25,2000_2009,1999-12-31,2000-01-03,2009-12-31,2515,-0.2089243762,-0.9733353012,0.09594905282,10.00136893,0.4581349315,-0.3422513186,3653,1999-12-31,2009-03-09,,False,,,2008,-0.6356354898,2003,0.6023684118,-0.7885730689,-0.346022271,-0.2089243762,112,11.19846701
REL_VOL,LAG1,25,2010_2019,2009-12-31,2010-01-04,2019-12-31,2516,0.1638220043,-0.4393919636,4.558011821,9.998631075,0.302698497,0.6351599256,809,2011-04-29,2011-11-25,2012-03-19,True,115,325,2015,-0.09579302222,2019,0.5446170306,-0.2744587349,-0.006406945716,0.1638220043,116,11.60158817
REL_VOL,LAG1,25,2020_latest,2019-12-31,2020-01-02,2026-09-02,1676,0.2217388174,-0.4362457366,3.804802209,6.672142368,0.3836578148,0.6413316925,521,2022-08-16,2022-09-30,2024-01-19,True,476,521,2022,-0.3456904545,2023,0.5630666115,-0.376226097,0.1046118389,,82,12.28990562
EFFICIENCY,LAG1,0,1987_1999,1986-12-31,1987-01-02,1999-12-31,3286,0.2007637862,-0.3854129922,10.78683845,12.99931554,0.2182021012,0.6966789045,861,1987-08-25,1987-10-19,1990-01-02,True,806,861,1990,-0.03652257159,1995,0.8528071756,-0.2698206009,0.0322779039,0.1335544262,112,8.615838248
EFFICIENCY,LAG1,0,2000_2009,1999-12-31,2000-01-03,2009-12-31,2515,-0.0206026891,-0.5613715647,0.8120386415,10.00136893,0.2373169135,-0.08572930594,2467,2007-06-04,2009-03-09,,False,,,2008,-0.3699761113,2009,0.3065700186,-0.4751914483,-0.09875876636,-0.0206026891,72,7.199014509
EFFICIENCY,LAG1,0,2010_2019,2009-12-31,2010-01-04,2019-12-31,2516,0.1175900751,-0.299439495,3.039199912,9.998631075,0.1887034478,0.6549000252,692,2010-04-23,2010-07-02,2011-02-18,True,231,301,2018,-0.06990224993,2017,0.395738958,-0.205437796,0.04816333842,0.1175900751,101,10.1013828
EFFICIENCY,LAG1,0,2020_latest,2019-12-31,2020-01-02,2026-09-02,1676,0.07883503209,-0.3570207568,1.659131168,6.672142368,0.254017003,0.3136220215,755,2020-02-19,2020-03-23,2021-06-28,True,462,495,2022,-0.1811088889,2021,0.2148729558,-0.2013887855,0.04503206176,,83,12.43978252
EFFICIENCY,LAG1,25,1987_1999,1986-12-31,1987-01-02,1999-12-31,3286,0.1751446868,-0.3869494597,8.149659474,12.99931554,0.2182263044,0.5980601387,1148,1987-08-25,1987-10-19,1990-06-04,True,959,1014,1992,-0.05322403245,1995,0.7711791962,-0.2716373558,0.01030254414,0.1085906149,112,8.615838248
EFFICIENCY,LAG1,25,2000_2009,1999-12-31,2000-01-03,2009-12-31,2515,-0.03809343243,-0.6248804577,0.678118839,10.00136893,0.2373208973,-0.1617964577,3408,2000-09-01,2009-03-09,,False,,,2008,-0.3699761113,2009,0.2870935517,-0.4751914483,-0.1135275566,-0.03809343243,72,7.199014509
EFFICIENCY,LAG1,25,2010_2019,2009-12-31,2010-01-04,2019-12-31,2516,0.08968598964,-0.3046805743,2.36027501,9.998631075,0.1886235081,0.5208327637,699,2010-04-23,2010-07-02,2012-03-15,True,622,692,2018,-0.08147048584,2019,0.3483946905,-0.2152734567,0.0258377172,0.08968598964,101,10.1013828
EFFICIENCY,LAG1,25,2020_latest,2019-12-31,2020-01-02,2026-09-02,1676,0.04575947254,-0.3590942272,1.347881721,6.672142368,0.2542460191,0.1907288161,761,2020-01-17,2020-03-23,2021-12-23,True,640,706,2022,-0.1811088889,2023,0.1868177858,-0.2106681584,0.01158684489,,83,12.43978252
TREND_QUALITY,LAG1,0,1987_1999,1986-12-31,1987-01-02,1999-12-31,3286,0.1873851985,-0.7899962287,9.324813322,12.99931554,0.4284219778,0.51528869,3086,1987-08-25,1987-12-04,1996-02-05,True,2985,3086,1987,-0.4278465316,1995,1.044034651,-0.7720161926,-0.161247827,0.04604019066,30,2.307813816
TREND_QUALITY,LAG1,0,2000_2009,1999-12-31,2000-01-03,2009-12-31,2515,-0.04609249648,-0.7389536456,0.6237845238,10.00136893,0.3636235984,-0.02340205934,3570,2000-03-23,2009-03-09,,False,,,2000,-0.468371998,2009,0.711569338,-0.5628195752,-0.1360367993,-0.04609249648,20,1.999726252
TREND_QUALITY,LAG1,0,2010_2019,2009-12-31,2010-01-04,2019-12-31,2516,0.2922988773,-0.3856080259,12.98605454,9.998631075,0.3379875892,0.9134328381,689,2010-04-23,2010-07-02,2011-02-04,True,217,287,2018,-0.1867889157,2013,1.18798752,-0.3048464959,0.180351787,0.2922988773,12,1.200164294
TREND_QUALITY,LAG1,0,2020_latest,2019-12-31,2020-01-02,2026-09-02,1676,0.1373566377,-0.7093078017,2.360209299,6.672142368,0.461564346,0.457389686,889,2020-02-19,2020-03-16,2021-07-02,True,473,499,2022,-0.3481661445,2021,0.9825793327,-0.3659932198,0.1142898762,,10,1.498768978
TREND_QUALITY,LAG1,25,1987_1999,1986-12-31,1987-01-02,1999-12-31,3286,0.180545735,-0.7905212381,8.65022247,12.99931554,0.428380155,0.5018479231,3089,1987-08-25,1987-12-04,1996-02-08,True,2988,3089,1987,-0.4292769153,1995,1.038924564,-0.7731492714,-0.1654346306,0.03925544691,30,2.307813816
TREND_QUALITY,LAG1,25,2000_2009,1999-12-31,2000-01-03,2009-12-31,2515,-0.05085542169,-0.7510782673,0.5933250477,10.00136893,0.3637371473,-0.03706184227,3570,2000-03-23,2009-03-09,,False,,,2000,-0.4723492483,2009,0.7072904147,-0.5660924698,-0.1399212758,-0.05085542169,20,1.999726252
TREND_QUALITY,LAG1,25,2010_2019,2009-12-31,2010-01-04,2019-12-31,2516,0.2884224206,-0.3883738205,12.60178526,9.998631075,0.3379346356,0.9046123181,692,2018-01-26,2018-12-24,2019-12-19,True,360,692,2018,-0.1928727638,2013,1.18798752,-0.3100224178,0.1768111335,0.2884224206,12,1.200164294
TREND_QUALITY,LAG1,25,2020_latest,2019-12-31,2020-01-02,2026-09-02,1676,0.1330977087,-0.7093078017,2.301863469,6.672142368,0.4616118683,0.4492356061,891,2020-02-19,2020-03-16,2021-07-02,True,473,499,2022,-0.3497957291,2021,0.9825793327,-0.367579321,0.1101920987,,10,1.498768978
LOW_CHURN,LAG1,0,1987_1999,1986-12-31,1987-01-02,1999-12-31,3286,0.2115976022,-0.7913204744,12.12277966,12.99931554,0.3727015901,0.585928588,2940,1987-08-25,1987-12-04,1995-09-12,True,2839,2940,1987,-0.3012591416,1995,1.095067965,-0.7279182034,-0.1589396777,0.06094485544,159,12.23141323
LOW_CHURN,LAG1,0,2000_2009,1999-12-31,2000-01-03,2009-12-31,2515,-0.08257450987,-0.7685348924,0.4223347219,10.00136893,0.3442638711,-0.1577029249,3653,1999-12-31,2009-03-09,,False,,,2008,-0.5559413728,2009,0.3751232477,-0.630188727,-0.1419810858,-0.08257450987,127,12.6982617
LOW_CHURN,LAG1,0,2010_2019,2009-12-31,2010-01-04,2019-12-31,2516,0.1295217932,-0.5669374719,3.379665655,9.998631075,0.3505154301,0.508502173,707,2011-02-18,2011-10-03,2013-01-25,True,480,707,2018,-0.3229530893,2013,0.8170922365,-0.4378437223,-0.01931470892,0.1295217932,131,13.10179354
LOW_CHURN,LAG1,0,2020_latest,2019-12-31,2020-01-02,2026-09-02,1676,0.2611790866,-0.5773309338,4.703237321,6.672142368,0.3682596844,0.7376783933,799,2022-03-29,2022-09-30,2024-06-05,True,614,799,2022,-0.3740411286,2024,0.7087226524,-0.4394474612,0.1873307053,,119,17.83535084
LOW_CHURN,LAG1,25,1987_1999,1986-12-31,1987-01-02,1999-12-31,3286,0.1750644546,-0.7930175159,8.142429454,12.99931554,0.3728629839,0.5039517063,3100,1987-08-13,1987-12-04,1996-02-07,True,2987,3100,1987,-0.3219355252,1995,1.05867811,-0.7398492564,-0.1801331597,0.03084394073,159,12.23141323
LOW_CHURN,LAG1,25,2000_2009,1999-12-31,2000-01-03,2009-12-31,2515,-0.1114990777,-0.8259970428,0.3065551002,10.00136893,0.3445650847,-0.2502627464,3653,1999-12-31,2009-03-09,,False,,,2008,-0.5581588905,2009,0.3277682678,-0.6320367337,-0.1615170955,-0.1114990777,127,12.6982617
LOW_CHURN,LAG1,25,2010_2019,2009-12-31,2010-01-04,2019-12-31,2516,0.09307940587,-0.5776430447,2.434805137,9.998631075,0.3510218487,0.4147099615,755,2011-02-18,2011-10-03,2013-03-14,True,528,755,2018,-0.3380351946,2013,0.7721725956,-0.4503074419,-0.04881437363,0.09307940587,131,13.10179354
LOW_CHURN,LAG1,25,2020_latest,2019-12-31,2020-01-02,2026-09-02,1676,0.2061130829,-0.5857107167,3.491664538,6.672142368,0.3679178582,0.6161976953,827,2022-03-29,2022-09-30,2024-07-03,True,642,827,2022,-0.3955972108,2024,0.6212222983,-0.4546816884,0.1384553165,,119,17.83535084
AO,LAG1,0,1987_1999,1986-12-31,1987-01-02,1999-12-31,3286,0.2003738511,-0.4628275422,10.74139163,12.99931554,0.3506425899,0.5424951628,747,1987-08-25,1987-10-19,1989-07-31,True,651,706,1990,-0.1570903865,1995,1.135877613,-0.4113709116,0.008762968866,0.1256266106,153,11.76985046
AO,LAG1,0,2000_2009,1999-12-31,2000-01-03,2009-12-31,2515,-0.07509876211,-0.8167270046,0.4580439953,10.00136893,0.4009004529,-0.06303205693,3570,2000-03-23,2009-03-09,,False,,,2008,-0.4656387577,2003,0.5832884128,-0.59824031,-0.2115239729,-0.07509876211,104,10.39857651
AO,LAG1,0,2010_2019,2009-12-31,2010-01-04,2019-12-31,2516,0.1713546046,-0.4472945998,4.86171909,9.998631075,0.3096379048,0.6493909132,802,2018-01-26,2018-12-24,,False,,,2018,-0.2706270642,2013,0.8407799371,-0.3624595406,0.0345857029,0.1713546046,106,10.60145126
AO,LAG1,0,2020_latest,2019-12-31,2020-01-02,2026-09-02,1676,0.2531317481,-0.5602132342,4.506591094,6.672142368,0.4000598368,0.6946828181,963,2021-11-18,2022-11-03,2024-07-08,True,613,963,2022,-0.4744248033,2020,0.6137543343,-0.5471661026,0.1210084482,,58,8.692860074
AO,LAG1,25,1987_1999,1986-12-31,1987-01-02,1999-12-31,3286,0.1655249454,-0.4668462721,7.32377373,12.99931554,0.3508009704,0.4586467373,784,1987-08-25,1987-10-19,1989-08-24,True,675,730,1990,-0.177927632,1995,1.114598799,-0.430179019,-0.02107518293,0.09424661945,153,11.76985046
AO,LAG1,25,2000_2009,1999-12-31,2000-01-03,2009-12-31,2515,-0.09886239484,-0.8547893119,0.3530605939,10.00136893,0.4008036507,-0.128146617,3570,2000-03-23,2009-03-09,,False,,,2008,-0.4788484972,2003,0.5402881752,-0.6110774931,-0.2344756513,-0.09886239484,104,10.39857651
AO,LAG1,25,2010_2019,2009-12-31,2010-01-04,2019-12-31,2516,0.1406793977,-0.4623054236,3.728702412,9.998631075,0.3098222146,0.563381384,817,2018-01-26,2018-12-24,,False,,,2018,-0.2904359691,2013,0.7952747216,-0.3812363285,0.005476409185,0.1406793977,106,10.60145126
AO,LAG1,25,2020_latest,2019-12-31,2020-01-02,2026-09-02,1676,0.2261589223,-0.5732269284,3.89759408,6.672142368,0.4000371475,0.6400911524,1112,2021-11-18,2022-11-03,2024-12-04,True,762,1112,2022,-0.4861326781,2020,0.5896988054,-0.5605749141,0.09438804092,,58,8.692860074
UPRO_ALWAYS,LAG1,0,1987_1999,1986-12-31,1987-01-02,1999-12-31,3286,0.3066344008,-0.806563222,32.35367669,12.99931554,0.4910974009,0.7033660365,2348,1987-08-25,1987-12-04,1994-01-28,True,2247,2348,1987,-0.3732854515,1995,1.22788602,-0.7399986631,-0.0810500447,0.148489041,0,0
UPRO_ALWAYS,LAG1,0,2000_2009,1999-12-31,2000-01-03,2009-12-31,2515,-0.2266489994,-0.9820109229,0.07649159444,10.00136893,0.6668695337,-0.09213035536,3570,2000-03-23,2009-03-09,,False,,,2008,-0.8597747321,2003,0.8731653747,-0.9227273643,-0.3916285461,-0.2266489994,0,0
UPRO_ALWAYS,LAG1,0,2010_2019,2009-12-31,2010-01-04,2019-12-31,2516,0.3281877639,-0.5173312905,17.07756772,9.998631075,0.4432450125,0.8520622248,424,2011-04-29,2011-10-03,2012-04-02,True,182,339,2018,-0.2436814515,2013,1.18798752,-0.3770481292,0.13484204,0.3281877639,0,0
UPRO_ALWAYS,LAG1,0,2020_latest,2019-12-31,2020-01-02,2026-09-02,1676,0.2586669375,-0.7668301233,4.641082026,6.672142368,0.6087706406,0.6415167419,891,2020-02-19,2020-03-23,2021-01-07,True,290,323,2022,-0.5631810077,2021,0.9825793327,-0.5871593323,0.1639153848,,0,0
UPRO_ALWAYS,LAG1,25,1987_1999,1986-12-31,1987-01-02,1999-12-31,3286,0.3066344008,-0.806563222,32.35367669,12.99931554,0.4910974009,0.7033660365,2348,1987-08-25,1987-12-04,1994-01-28,True,2247,2348,1987,-0.3732854515,1995,1.22788602,-0.7399986631,-0.0810500447,0.148489041,0,0
UPRO_ALWAYS,LAG1,25,2000_2009,1999-12-31,2000-01-03,2009-12-31,2515,-0.2266489994,-0.9820109229,0.07649159444,10.00136893,0.6668695337,-0.09213035536,3570,2000-03-23,2009-03-09,,False,,,2008,-0.8597747321,2003,0.8731653747,-0.9227273643,-0.3916285461,-0.2266489994,0,0
UPRO_ALWAYS,LAG1,25,2010_2019,2009-12-31,2010-01-04,2019-12-31,2516,0.3281877639,-0.5173312905,17.07756772,9.998631075,0.4432450125,0.8520622248,424,2011-04-29,2011-10-03,2012-04-02,True,182,339,2018,-0.2436814515,2013,1.18798752,-0.3770481292,0.13484204,0.3281877639,0,0
UPRO_ALWAYS,LAG1,25,2020_latest,2019-12-31,2020-01-02,2026-09-02,1676,0.2586669375,-0.7668301233,4.641082026,6.672142368,0.6087706406,0.6415167419,891,2020-02-19,2020-03-23,2021-01-07,True,290,323,2022,-0.5631810077,2021,0.9825793327,-0.5871593323,0.1639153848,,0,0
SP500_1X,LAG1,0,1987_1999,1986-12-31,1987-01-02,1999-12-31,3286,0.1797352651,-0.3306415614,8.573342392,12.99931554,0.1636973099,0.7574336346,631,1987-08-25,1987-10-19,1989-05-17,True,576,631,1990,-0.03104820291,1995,0.3757620118,-0.2084043343,0.0764684367,0.1291453964,0,0
SP500_1X,LAG1,0,2000_2009,1999-12-31,2000-01-03,2009-12-31,2515,-0.009491800267,-0.5525024107,0.9090234381,10.00136893,0.2222697112,-0.05632058135,2243,2007-10-09,2009-03-09,,False,,,2008,-0.3699761113,2003,0.2868423796,-0.4751914483,-0.08198823669,-0.009491800267,0,0
SP500_1X,LAG1,0,2010_2019,2009-12-31,2010-01-04,2019-12-31,2516,0.1356189194,-0.1936348981,3.566568612,9.998631075,0.1477353441,0.8972367424,280,2018-09-20,2018-12-24,2019-04-12,True,109,204,2018,-0.04384233325,2013,0.3238848467,-0.1060500338,0.07285874511,0.1356189194,0,0
SP500_1X,LAG1,0,2020_latest,2019-12-31,2020-01-02,2026-09-02,1676,0.1553736354,-0.3379046365,2.621157615,6.672142368,0.2029250113,0.6718826412,709,2020-02-19,2020-03-23,2020-08-10,True,140,173,2022,-0.1811088889,2021,0.2870536926,-0.1966703289,0.1142978984,,0,0
SP500_1X,LAG1,25,1987_1999,1986-12-31,1987-01-02,1999-12-31,3286,0.1797352651,-0.3306415614,8.573342392,12.99931554,0.1636973099,0.7574336346,631,1987-08-25,1987-10-19,1989-05-17,True,576,631,1990,-0.03104820291,1995,0.3757620118,-0.2084043343,0.0764684367,0.1291453964,0,0
SP500_1X,LAG1,25,2000_2009,1999-12-31,2000-01-03,2009-12-31,2515,-0.009491800267,-0.5525024107,0.9090234381,10.00136893,0.2222697112,-0.05632058135,2243,2007-10-09,2009-03-09,,False,,,2008,-0.3699761113,2003,0.2868423796,-0.4751914483,-0.08198823669,-0.009491800267,0,0
SP500_1X,LAG1,25,2010_2019,2009-12-31,2010-01-04,2019-12-31,2516,0.1356189194,-0.1936348981,3.566568612,9.998631075,0.1477353441,0.8972367424,280,2018-09-20,2018-12-24,2019-04-12,True,109,204,2018,-0.04384233325,2013,0.3238848467,-0.1060500338,0.07285874511,0.1356189194,0,0
SP500_1X,LAG1,25,2020_latest,2019-12-31,2020-01-02,2026-09-02,1676,0.1553736354,-0.3379046365,2.621157615,6.672142368,0.2029250113,0.6718826412,709,2020-02-19,2020-03-23,2020-08-10,True,140,173,2022,-0.1811088889,2021,0.2870536926,-0.1966703289,0.1142978984,,0,0
UPRO_SMA_TO_SP500,LAG2,0,1987_1999,1986-12-31,1987-01-02,1999-12-31,3286,0.3183132197,-0.5500099096,36.32116283,12.99931554,0.3853428272,0.7687502466,808,1987-08-25,1987-10-19,1989-08-07,True,658,713,1990,-0.3112031201,1995,1.22788602,-0.5102923902,0.01737230452,0.1863616922,66,5.077190396
UPRO_SMA_TO_SP500,LAG2,0,2000_2009,1999-12-31,2000-01-03,2009-12-31,2515,-0.02390510523,-0.6928293381,0.7850657456,10.00136893,0.3650868361,0.04153607868,2581,1999-12-31,2002-10-09,2007-01-24,True,1568,2581,2000,-0.4619522097,2003,0.9700532744,-0.541049496,-0.1342924877,-0.02390510523,92,9.198740761
UPRO_SMA_TO_SP500,LAG2,0,2010_2019,2009-12-31,2010-01-04,2019-12-31,2516,0.2520580344,-0.4014779323,9.46478937,9.998631075,0.3506369373,0.8027193142,658,2010-04-23,2010-08-26,2011-02-01,True,159,284,2015,-0.2337774522,2013,1.18798752,-0.3497409559,0.1072495056,0.2520580344,60,6.000821468
UPRO_SMA_TO_SP500,LAG2,0,2020_latest,2019-12-31,2020-01-02,2026-09-02,1676,0.2716065105,-0.5254328661,4.968855378,6.672142368,0.4070499532,0.7263353563,896,2022-01-03,2023-03-13,2024-06-17,True,462,896,2022,-0.4440315373,2021,0.9825793327,-0.4592956965,0.1425726043,,40,5.995075913
UPRO_SMA_TO_SP500,LAG2,25,1987_1999,1986-12-31,1987-01-02,1999-12-31,3286,0.3016649644,-0.5511348848,30.79012356,12.99931554,0.3854283026,0.7357818405,812,1987-08-25,1987-10-19,1989-08-28,True,679,734,1990,-0.3332562892,1995,1.22788602,-0.5163708017,0.002212960245,0.1704358129,66,5.077190396
UPRO_SMA_TO_SP500,LAG2,25,2000_2009,1999-12-31,2000-01-03,2009-12-31,2515,-0.04612354214,-0.7143370216,0.6235815102,10.00136893,0.3646961256,-0.02204463631,2712,1999-12-31,2002-10-09,2007-06-04,True,1699,2712,2000,-0.4895045875,2003,0.9455504294,-0.54900495,-0.1561188374,-0.04612354214,92,9.198740761
UPRO_SMA_TO_SP500,LAG2,25,2010_2019,2009-12-31,2010-01-04,2019-12-31,2516,0.2333916177,-0.4199958596,8.144889845,9.998631075,0.3506844612,0.7597418154,670,2015-05-21,2016-02-11,2017-03-01,True,384,650,2015,-0.2601637804,2013,1.18798752,-0.3737196323,0.08638168917,0.2333916177,60,6.000821468
UPRO_SMA_TO_SP500,LAG2,25,2020_latest,2019-12-31,2020-01-02,2026-09-02,1676,0.2526666691,-0.5468530264,4.495443367,6.672142368,0.4071146189,0.6893079492,914,2022-01-03,2023-03-22,2024-07-05,True,471,914,2022,-0.4618319467,2021,0.9825793327,-0.4766190596,0.1255384607,,40,5.995075913
VOL_BINARY,LAG2,0,1987_1999,1986-12-31,1987-01-02,1999-12-31,3286,0.314303619,-0.4945666229,34.9110496,12.99931554,0.3921457316,0.7543329048,652,1987-08-25,1987-10-19,1989-06-07,True,597,652,1990,-0.2939794771,1995,1.22788602,-0.456289217,0.07444960821,0.2309097055,58,4.461773378
VOL_BINARY,LAG2,0,2000_2009,1999-12-31,2000-01-03,2009-12-31,2515,-0.1114896967,-0.8543578745,0.3065874731,10.00136893,0.3973029721,-0.1681509246,3457,2000-07-14,2002-10-09,,False,,,2008,-0.60045874,2003,0.8116835568,-0.7090499796,-0.1939389433,-0.1114896967,70,6.999041883
VOL_BINARY,LAG2,0,2010_2019,2009-12-31,2010-01-04,2019-12-31,2516,0.2740622594,-0.4160384056,11.26581235,9.998631075,0.3582000142,0.8423727553,689,2018-01-26,2018-12-24,2019-12-16,True,357,689,2018,-0.229380096,2013,1.18798752,-0.3518117418,0.1245611031,0.2740622594,36,3.600492881
VOL_BINARY,LAG2,0,2020_latest,2019-12-31,2020-01-02,2026-09-02,1676,0.2510334016,-0.4988835866,4.456480221,6.672142368,0.4059725956,0.686953642,767,2022-01-03,2023-01-05,2024-02-09,True,400,767,2022,-0.4757739145,2021,0.9106099957,-0.4924899822,0.13595507,,46,6.8943373
VOL_BINARY,LAG2,25,1987_1999,1986-12-31,1987-01-02,1999-12-31,3286,0.2997066151,-0.4958302064,30.193354,12.99931554,0.3921323531,0.7259327661,689,1987-08-25,1987-10-19,1989-07-14,True,634,689,1990,-0.3045038157,1995,1.22788602,-0.4639891362,0.06699992208,0.2253769075,58,4.461773378
VOL_BINARY,LAG2,25,2000_2009,1999-12-31,2000-01-03,2009-12-31,2515,-0.1269204008,-0.8686320542,0.2573106199,10.00136893,0.3972496615,-0.2123831176,3457,2000-07-14,2009-03-09,,False,,,2008,-0.6190159294,2003,0.77576535,-0.7155356612,-0.2071480001,-0.1269204008,70,6.999041883
VOL_BINARY,LAG2,25,2010_2019,2009-12-31,2010-01-04,2019-12-31,2516,0.262631358,-0.4290469137,10.29501705,9.998631075,0.3580312967,0.8173842254,693,2018-01-26,2018-12-24,2019-12-20,True,361,693,2018,-0.246546662,2013,1.18798752,-0.3630779592,0.1127987548,0.262631358,36,3.600492881
VOL_BINARY,LAG2,25,2020_latest,2019-12-31,2020-01-02,2026-09-02,1676,0.2296290113,-0.5209609624,3.971783652,6.672142368,0.4060335133,0.6442941924,788,2022-01-03,2023-01-05,2024-03-01,True,421,788,2022,-0.4976134524,2021,0.901068887,-0.5148640088,0.1201493152,,46,6.8943373
REL_VOL,LAG2,0,1987_1999,1986-12-31,1987-01-02,1999-12-31,3286,0.3338919042,-0.4740858641,42.3138592,12.99931554,0.3536505875,0.8379882746,524,1987-08-25,1987-12-04,1989-01-30,True,423,524,1994,-0.03387694197,1995,0.9583288065,-0.2964740821,0.1419133487,0.2250152689,182,14.00073715
REL_VOL,LAG2,0,2000_2009,1999-12-31,2000-01-03,2009-12-31,2515,-0.1638977918,-0.9590645577,0.1669118932,10.00136893,0.4534887922,-0.2287878462,3457,2000-07-14,2009-03-09,,False,,,2008,-0.6226035103,2003,0.6328550128,-0.7791759994,-0.3125535232,-0.1638977918,112,11.19846701
REL_VOL,LAG2,0,2010_2019,2009-12-31,2010-01-04,2019-12-31,2516,0.226053442,-0.337987188,7.673135126,9.998631075,0.3048951561,0.8038780237,648,2011-04-29,2011-11-25,2012-02-03,True,70,280,2015,-0.1133076737,2019,0.7321768959,-0.2651474844,0.05409568595,0.226053442,116,11.60158817
REL_VOL,LAG2,0,2020_latest,2019-12-31,2020-01-02,2026-09-02,1676,0.2946758479,-0.4590834311,5.602146598,6.672142368,0.3890040469,0.7876305736,761,2021-11-18,2022-09-30,2023-12-19,True,445,761,2022,-0.3775054191,2023,0.6890005759,-0.4065765654,0.168654769,,82,12.28990562
REL_VOL,LAG2,25,1987_1999,1986-12-31,1987-01-02,1999-12-31,3286,0.2879544274,-0.4819254357,26.83065221,12.99931554,0.3537912989,0.7389490663,525,1987-08-25,1987-12-04,1989-01-31,True,424,525,1994,-0.06011569964,1995,0.8720519259,-0.3069116007,0.1004003985,0.1849093019,182,14.00073715
REL_VOL,LAG2,25,2000_2009,1999-12-31,2000-01-03,2009-12-31,2515,-0.1870093222,-0.9681294232,0.1261050769,10.00136893,0.4535148572,-0.2906204567,3457,2000-07-14,2009-03-09,,False,,,2008,-0.639230234,2003,0.6165875928,-0.7867856109,-0.3368945917,-0.1870093222,112,11.19846701
REL_VOL,LAG2,25,2010_2019,2009-12-31,2010-01-04,2019-12-31,2516,0.19096052,-0.3511121694,5.739443063,9.998631075,0.3052672611,0.7079657219,916,2011-04-29,2011-11-25,2012-02-03,True,70,280,2015,-0.1352272549,2019,0.6767178906,-0.2940161901,0.02034222079,0.19096052,116,11.60158817
REL_VOL,LAG2,25,2020_latest,2019-12-31,2020-01-02,2026-09-02,1676,0.255453823,-0.4724552223,4.562602422,6.672142368,0.3889177072,0.708315399,798,2021-11-18,2022-09-30,2024-01-25,True,482,798,2022,-0.3974357913,2023,0.6472474398,-0.4255889712,0.1317995225,,82,12.28990562
EFFICIENCY,LAG2,0,1987_1999,1986-12-31,1987-01-02,1999-12-31,3286,0.2004951491,-0.3921184567,10.7555099,12.99931554,0.2214014458,0.6887193854,1002,1987-08-25,1987-10-19,1990-05-23,True,947,1002,1990,-0.1130355756,1995,0.9614367153,-0.2777494576,0.03651166759,0.1288544873,112,8.615838248
EFFICIENCY,LAG2,0,2000_2009,1999-12-31,2000-01-03,2009-12-31,2515,0.004388436415,-0.5539316045,1.044767474,10.00136893,0.2391764087,0.02226451703,2246,2007-06-04,2009-03-09,,False,,,2008,-0.3699761113,2009,0.3912623802,-0.4751914483,-0.08935312935,0.004388436415,72,7.199014509
EFFICIENCY,LAG2,0,2010_2019,2009-12-31,2010-01-04,2019-12-31,2516,0.1032173547,-0.2863450107,2.670253243,9.998631075,0.1891859834,0.5851232304,690,2018-01-26,2018-12-24,2019-11-25,True,336,668,2018,-0.05823132102,2019,0.3495924802,-0.1955154137,0.03751455657,0.1032173547,101,10.1013828
EFFICIENCY,LAG2,0,2020_latest,2019-12-31,2020-01-02,2026-09-02,1676,0.1389567327,-0.4039351175,2.38245254,6.672142368,0.2495596953,0.5315469187,576,2020-01-17,2020-03-23,2020-10-09,True,200,266,2022,-0.1811088889,2021,0.2603567357,-0.2008710284,0.09965646458,,83,12.43978252
EFFICIENCY,LAG2,25,1987_1999,1986-12-31,1987-01-02,1999-12-31,3286,0.1748817813,-0.3936381605,8.125990171,12.99931554,0.2215725612,0.5912949024,1288,1987-08-25,1987-10-19,1991-03-05,True,1233,1288,1990,-0.1262571657,1995,0.8750229115,-0.2795464847,0.01444617854,0.1039941808,112,8.615838248
EFFICIENCY,LAG2,25,2000_2009,1999-12-31,2000-01-03,2009-12-31,2515,-0.01354861543,-0.5572687607,0.8724664937,10.00136893,0.2391834507,-0.05321178807,2464,2007-06-04,2009-03-09,,False,,,2008,-0.3699761113,2009,0.3705234414,-0.4751914483,-0.1047244232,-0.01354861543,72,7.199014509
EFFICIENCY,LAG2,25,2010_2019,2009-12-31,2010-01-04,2019-12-31,2516,0.07567212854,-0.295221206,2.073747098,9.998631075,0.1894654697,0.4508617636,1301,2018-01-26,2018-12-24,2019-12-26,True,367,699,2010,-0.09228968074,2019,0.3261510096,-0.2054739008,0.01541575178,0.07567212854,101,10.1013828
EFFICIENCY,LAG2,25,2020_latest,2019-12-31,2020-01-02,2026-09-02,1676,0.1040379267,-0.4083944372,1.935509555,6.672142368,0.2496018695,0.4063166503,761,2020-01-17,2020-03-23,2020-11-13,True,235,301,2022,-0.1831561166,2023,0.1999132001,-0.2048644051,0.0692515624,,83,12.43978252
TREND_QUALITY,LAG2,0,1987_1999,1986-12-31,1987-01-02,1999-12-31,3286,0.1795513793,-0.7874252071,8.555987244,12.99931554,0.4327423628,0.4997181365,3081,1987-08-25,1987-10-26,1996-01-31,True,3019,3081,1987,-0.4007461944,1995,1.024841074,-0.7574408567,-0.1472816703,0.05556810092,30,2.307813816
TREND_QUALITY,LAG2,0,2000_2009,1999-12-31,2000-01-03,2009-12-31,2515,-0.01989043095,-0.6798402892,0.8179642994,10.00136893,0.36629429,0.05338147664,3570,2000-03-23,2003-03-11,,False,,,2000,-0.4022624047,2009,0.6996306393,-0.508415369,-0.1233900468,-0.01989043095,20,1.999726252
TREND_QUALITY,LAG2,0,2010_2019,2009-12-31,2010-01-04,2019-12-31,2516,0.3010470443,-0.3823507562,13.89228056,9.998631075,0.3391394968,0.9313601805,689,2018-01-26,2018-12-24,2019-12-16,True,357,689,2018,-0.1849244788,2013,1.18798752,-0.3032603362,0.1838999477,0.3010470443,12,1.200164294
TREND_QUALITY,LAG2,0,2020_latest,2019-12-31,2020-01-02,2026-09-02,1676,0.121197033,-0.7297055685,2.145284899,6.672142368,0.4655550273,0.4270085941,807,2020-02-19,2020-03-23,2021-08-24,True,519,552,2022,-0.3195347364,2021,0.9825793327,-0.3615649481,0.1103418371,,10,1.498768978
TREND_QUALITY,LAG2,25,1987_1999,1986-12-31,1987-01-02,1999-12-31,3286,0.1727570393,-0.7874252071,7.937016062,12.99931554,0.4327260817,0.4864016946,3087,1987-08-25,1987-10-26,1996-02-06,True,3025,3087,1987,-0.4022443289,1995,1.019778971,-0.7586463749,-0.1515381888,0.04872155798,30,2.307813816
TREND_QUALITY,LAG2,25,2000_2009,1999-12-31,2000-01-03,2009-12-31,2515,-0.02478418487,-0.6869722654,0.7780230006,10.00136893,0.3663057166,0.0397015501,3570,2000-03-23,2003-03-11,,False,,,2000,-0.4067342384,2009,0.6953815627,-0.5120955537,-0.1273313845,-0.02478418487,20,1.999726252
TREND_QUALITY,LAG2,25,2010_2019,2009-12-31,2010-01-04,2019-12-31,2516,0.2971443461,-0.3869715543,13.48119522,9.998631075,0.3390994757,0.9225498505,690,2018-01-26,2018-12-24,2019-12-17,True,358,690,2018,-0.1910222752,2013,1.18798752,-0.3084480683,0.180348651,0.2971443461,12,1.200164294
TREND_QUALITY,LAG2,25,2020_latest,2019-12-31,2020-01-02,2026-09-02,1676,0.1169986149,-0.7303813046,2.092252133,6.672142368,0.4655898848,0.4189211778,807,2020-02-19,2020-03-23,2021-08-25,True,520,553,2022,-0.3212358996,2021,0.9825793327,-0.3647466162,0.1070130099,,10,1.498768978
LOW_CHURN,LAG2,0,1987_1999,1986-12-31,1987-01-02,1999-12-31,3286,0.2277839864,-0.7838791556,14.40537409,12.99931554,0.3711096082,0.6225941843,2870,1987-08-13,1987-12-04,1995-06-22,True,2757,2870,1987,-0.2737649474,1995,1.080836476,-0.6802852337,-0.134803549,0.09613237267,159,12.23141323
LOW_CHURN,LAG2,0,2000_2009,1999-12-31,2000-01-03,2009-12-31,2515,-0.09881120093,-0.8223652845,0.3532612475,10.00136893,0.331942777,-0.2306986225,3408,2000-09-01,2009-03-09,,False,,,2008,-0.5032230848,2009,0.4168715581,-0.6502236235,-0.182362042,-0.09881120093,127,12.6982617
LOW_CHURN,LAG2,0,2010_2019,2009-12-31,2010-01-04,2019-12-31,2516,0.1749564702,-0.5213037721,5.01327949,9.998631075,0.348015022,0.6227891085,566,2011-02-18,2011-10-03,2012-09-06,True,339,566,2018,-0.2973623043,2019,0.6424156442,-0.4166987354,0.009525946859,0.1749564702,131,13.10179354
LOW_CHURN,LAG2,0,2020_latest,2019-12-31,2020-01-02,2026-09-02,1676,0.202751898,-0.577433652,3.427251903,6.672142368,0.3703024794,0.6071966214,826,2022-03-29,2022-09-30,2024-07-02,True,641,826,2022,-0.4110456916,2024,0.6573096247,-0.4748560726,0.1132048563,,119,17.83535084
LOW_CHURN,LAG2,25,1987_1999,1986-12-31,1987-01-02,1999-12-31,3286,0.1905335033,-0.786032273,9.651376066,12.99931554,0.3713199123,0.5397006205,2960,1987-08-13,1987-12-04,1995-09-20,True,2847,2960,1987,-0.2970167722,1995,1.044693812,-0.6950264131,-0.1566052259,0.06503312478,159,12.23141323
LOW_CHURN,LAG2,25,2000_2009,1999-12-31,2000-01-03,2009-12-31,2515,-0.1270053941,-0.8630790518,0.2570602064,10.00136893,0.332255343,-0.3259016014,3408,2000-09-01,2009-03-09,,False,,,2008,-0.5057038645,2009,0.371507665,-0.675544405,-0.2113129235,-0.1270053941,127,12.6982617
LOW_CHURN,LAG2,25,2010_2019,2009-12-31,2010-01-04,2019-12-31,2516,0.1367635774,-0.5331374381,3.602676714,9.998631075,0.3478848091,0.5277626454,657,2011-02-18,2011-10-03,2012-09-13,True,346,573,2018,-0.3130144777,2019,0.5938150572,-0.4296312662,-0.02035088169,0.1367635774,131,13.10179354
LOW_CHURN,LAG2,25,2020_latest,2019-12-31,2020-01-02,2026-09-02,1676,0.1502369608,-0.5858113984,2.544378077,6.672142368,0.370363047,0.486155014,955,2022-03-29,2022-09-30,2024-11-08,True,770,955,2022,-0.4313274514,2024,0.5724420315,-0.4980075057,0.06325276779,,119,17.83535084
AO,LAG2,0,1987_1999,1986-12-31,1987-01-02,1999-12-31,3286,0.2445789739,-0.501909339,17.18806298,12.99931554,0.354234431,0.6421759601,1330,1987-08-25,1988-08-22,1991-04-16,True,967,1330,1994,-0.1041135488,1995,1.177859162,-0.4968850789,-0.003627474173,0.1287941955,153,11.76985046
AO,LAG2,0,2000_2009,1999-12-31,2000-01-03,2009-12-31,2515,-0.04922240221,-0.7335861082,0.6036141264,10.00136893,0.3988764749,0.004219209529,3570,2000-03-23,2003-03-31,,False,,,2000,-0.3831893056,2003,0.4815233328,-0.5590310431,-0.136819945,-0.04922240221,104,10.39857651
AO,LAG2,0,2010_2019,2009-12-31,2010-01-04,2019-12-31,2516,0.1894816934,-0.4416948873,5.668582419,9.998631075,0.3171501246,0.6900324386,733,2018-01-26,2018-12-24,,False,,,2018,-0.2632374517,2013,0.8577988309,-0.3587746335,0.06056144096,0.1894816934,106,10.60145126
AO,LAG2,0,2020_latest,2019-12-31,2020-01-02,2026-09-02,1676,0.2710333683,-0.5385719717,4.953931689,6.672142368,0.4020894979,0.7286521155,938,2021-11-18,2022-11-03,2024-06-13,True,588,938,2022,-0.4681921727,2023,0.5501729669,-0.5248671776,0.1668745146,,58,8.692860074
AO,LAG2,25,1987_1999,1986-12-31,1987-01-02,1999-12-31,3286,0.2084467179,-0.5178566782,11.71929005,12.99931554,0.3545035539,0.5590668986,1942,1987-08-25,1988-08-22,1992-12-18,True,1579,1942,1994,-0.1306236515,1995,1.156162104,-0.512960804,-0.02922051468,0.0973258991,153,11.76985046
AO,LAG2,25,2000_2009,1999-12-31,2000-01-03,2009-12-31,2515,-0.07365088032,-0.7838451907,0.4652661408,10.00136893,0.3991458861,-0.06082714466,3570,2000-03-23,2009-03-09,,False,,,2000,-0.3999411533,2003,0.4412869143,-0.5699100074,-0.1619461763,-0.07365088032,104,10.39857651
AO,LAG2,25,2010_2019,2009-12-31,2010-01-04,2019-12-31,2516,0.1583317779,-0.4568577927,4.347527397,9.998631075,0.3173138543,0.6060670576,782,2018-01-26,2018-12-24,,False,,,2018,-0.2832470497,2013,0.8118728979,-0.3776599489,0.03072128911,0.1583317779,106,10.60145126
AO,LAG2,25,2020_latest,2019-12-31,2020-01-02,2026-09-02,1676,0.2436752221,-0.5522260508,4.28448342,6.672142368,0.4022133803,0.6742383942,960,2021-11-18,2022-11-03,2024-07-05,True,610,960,2022,-0.4800388875,2023,0.5156408371,-0.53893628,0.1391649332,,58,8.692860074
UPRO_ALWAYS,LAG2,0,1987_1999,1986-12-31,1987-01-02,1999-12-31,3286,0.3066344008,-0.806563222,32.35367669,12.99931554,0.4910974009,0.7033660365,2348,1987-08-25,1987-12-04,1994-01-28,True,2247,2348,1987,-0.3732854515,1995,1.22788602,-0.7399986631,-0.0810500447,0.148489041,0,0
UPRO_ALWAYS,LAG2,0,2000_2009,1999-12-31,2000-01-03,2009-12-31,2515,-0.2266489994,-0.9820109229,0.07649159444,10.00136893,0.6668695337,-0.09213035536,3570,2000-03-23,2009-03-09,,False,,,2008,-0.8597747321,2003,0.8731653747,-0.9227273643,-0.3916285461,-0.2266489994,0,0
UPRO_ALWAYS,LAG2,0,2010_2019,2009-12-31,2010-01-04,2019-12-31,2516,0.3281877639,-0.5173312905,17.07756772,9.998631075,0.4432450125,0.8520622248,424,2011-04-29,2011-10-03,2012-04-02,True,182,339,2018,-0.2436814515,2013,1.18798752,-0.3770481292,0.13484204,0.3281877639,0,0
UPRO_ALWAYS,LAG2,0,2020_latest,2019-12-31,2020-01-02,2026-09-02,1676,0.2586669375,-0.7668301233,4.641082026,6.672142368,0.6087706406,0.6415167419,891,2020-02-19,2020-03-23,2021-01-07,True,290,323,2022,-0.5631810077,2021,0.9825793327,-0.5871593323,0.1639153848,,0,0
UPRO_ALWAYS,LAG2,25,1987_1999,1986-12-31,1987-01-02,1999-12-31,3286,0.3066344008,-0.806563222,32.35367669,12.99931554,0.4910974009,0.7033660365,2348,1987-08-25,1987-12-04,1994-01-28,True,2247,2348,1987,-0.3732854515,1995,1.22788602,-0.7399986631,-0.0810500447,0.148489041,0,0
UPRO_ALWAYS,LAG2,25,2000_2009,1999-12-31,2000-01-03,2009-12-31,2515,-0.2266489994,-0.9820109229,0.07649159444,10.00136893,0.6668695337,-0.09213035536,3570,2000-03-23,2009-03-09,,False,,,2008,-0.8597747321,2003,0.8731653747,-0.9227273643,-0.3916285461,-0.2266489994,0,0
UPRO_ALWAYS,LAG2,25,2010_2019,2009-12-31,2010-01-04,2019-12-31,2516,0.3281877639,-0.5173312905,17.07756772,9.998631075,0.4432450125,0.8520622248,424,2011-04-29,2011-10-03,2012-04-02,True,182,339,2018,-0.2436814515,2013,1.18798752,-0.3770481292,0.13484204,0.3281877639,0,0
UPRO_ALWAYS,LAG2,25,2020_latest,2019-12-31,2020-01-02,2026-09-02,1676,0.2586669375,-0.7668301233,4.641082026,6.672142368,0.6087706406,0.6415167419,891,2020-02-19,2020-03-23,2021-01-07,True,290,323,2022,-0.5631810077,2021,0.9825793327,-0.5871593323,0.1639153848,,0,0
SP500_1X,LAG2,0,1987_1999,1986-12-31,1987-01-02,1999-12-31,3286,0.1797352651,-0.3306415614,8.573342392,12.99931554,0.1636973099,0.7574336346,631,1987-08-25,1987-10-19,1989-05-17,True,576,631,1990,-0.03104820291,1995,0.3757620118,-0.2084043343,0.0764684367,0.1291453964,0,0
SP500_1X,LAG2,0,2000_2009,1999-12-31,2000-01-03,2009-12-31,2515,-0.009491800267,-0.5525024107,0.9090234381,10.00136893,0.2222697112,-0.05632058135,2243,2007-10-09,2009-03-09,,False,,,2008,-0.3699761113,2003,0.2868423796,-0.4751914483,-0.08198823669,-0.009491800267,0,0
SP500_1X,LAG2,0,2010_2019,2009-12-31,2010-01-04,2019-12-31,2516,0.1356189194,-0.1936348981,3.566568612,9.998631075,0.1477353441,0.8972367424,280,2018-09-20,2018-12-24,2019-04-12,True,109,204,2018,-0.04384233325,2013,0.3238848467,-0.1060500338,0.07285874511,0.1356189194,0,0
SP500_1X,LAG2,0,2020_latest,2019-12-31,2020-01-02,2026-09-02,1676,0.1553736354,-0.3379046365,2.621157615,6.672142368,0.2029250113,0.6718826412,709,2020-02-19,2020-03-23,2020-08-10,True,140,173,2022,-0.1811088889,2021,0.2870536926,-0.1966703289,0.1142978984,,0,0
SP500_1X,LAG2,25,1987_1999,1986-12-31,1987-01-02,1999-12-31,3286,0.1797352651,-0.3306415614,8.573342392,12.99931554,0.1636973099,0.7574336346,631,1987-08-25,1987-10-19,1989-05-17,True,576,631,1990,-0.03104820291,1995,0.3757620118,-0.2084043343,0.0764684367,0.1291453964,0,0
SP500_1X,LAG2,25,2000_2009,1999-12-31,2000-01-03,2009-12-31,2515,-0.009491800267,-0.5525024107,0.9090234381,10.00136893,0.2222697112,-0.05632058135,2243,2007-10-09,2009-03-09,,False,,,2008,-0.3699761113,2003,0.2868423796,-0.4751914483,-0.08198823669,-0.009491800267,0,0
SP500_1X,LAG2,25,2010_2019,2009-12-31,2010-01-04,2019-12-31,2516,0.1356189194,-0.1936348981,3.566568612,9.998631075,0.1477353441,0.8972367424,280,2018-09-20,2018-12-24,2019-04-12,True,109,204,2018,-0.04384233325,2013,0.3238848467,-0.1060500338,0.07285874511,0.1356189194,0,0
SP500_1X,LAG2,25,2020_latest,2019-12-31,2020-01-02,2026-09-02,1676,0.1553736354,-0.3379046365,2.621157615,6.672142368,0.2029250113,0.6718826412,709,2020-02-19,2020-03-23,2020-08-10,True,140,173,2022,-0.1811088889,2021,0.2870536926,-0.1966703289,0.1142978984,,0,0
