series,family,lag,period,signal_source,entry_close,first_return,last_return,observations,cagr,max_drawdown,terminal_multiple,years,annualized_volatility,sharpe,longest_underwater_calendar_days,max_drawdown_peak,max_drawdown_trough,max_drawdown_recovery,max_drawdown_recovered,max_drawdown_recovery_days_from_trough,max_drawdown_recovery_days_from_peak,worst_calendar_year,worst_calendar_year_return,best_calendar_year,best_calendar_year_return,worst_rolling_1y_cagr,worst_rolling_5y_cagr,worst_rolling_10y_cagr,switch_count,switches_per_year
SP500_1X,SP500,LAG1,1987_1999,PRICE_INDEX,1986-12-31,1987-01-02,1999-12-31,3286,0.1797352651,-0.3306415614,8.573342392,12.99931554,0.1636973099,0.7574336346,631,1987-08-25,1987-10-19,1989-05-17,True,576,631,1990,-0.03104820291,1995,0.3757620118,-0.2084043343,0.0764684367,0.1291453964,0,0
SP500_1X,SP500,LAG1,2000_2009,PRICE_INDEX,1999-12-31,2000-01-03,2009-12-31,2515,-0.009491800267,-0.5525024107,0.9090234381,10.00136893,0.2222697112,-0.05632058135,2243,2007-10-09,2009-03-09,,False,,,2008,-0.3699761113,2003,0.2868423796,-0.4751914483,-0.08198823669,-0.009491800267,0,0
SP500_1X,SP500,LAG1,2010_2019,PRICE_INDEX,2009-12-31,2010-01-04,2019-12-31,2516,0.1356189194,-0.1936348981,3.566568612,9.998631075,0.1477353441,0.8972367424,280,2018-09-20,2018-12-24,2019-04-12,True,109,204,2018,-0.04384233325,2013,0.3238848467,-0.1060500338,0.07285874511,0.1356189194,0,0
SP500_1X,SP500,LAG1,2020_latest,PRICE_INDEX,2019-12-31,2020-01-02,2026-09-02,1676,0.1553736354,-0.3379046365,2.621157615,6.672142368,0.2029250113,0.6718826412,709,2020-02-19,2020-03-23,2020-08-10,True,140,173,2022,-0.1811088889,2021,0.2870536926,-0.1966703289,0.1142978984,,0,0
SP500_1X,SP500,LAG1,2010_latest,PRICE_INDEX,2009-12-31,2010-01-04,2026-09-02,4192,0.143484481,-0.3379046365,9.348538478,16.67077344,0.1719182885,0.7798592138,709,2020-02-19,2020-03-23,2020-08-10,True,140,173,2022,-0.1811088889,2013,0.3238848467,-0.1992094173,0.03329520162,0.08898959788,0,0
SSO_ALWAYS,SP500,LAG1,1987_1999,PRICE_INDEX,1986-12-31,1987-01-02,1999-12-31,3286,0.2575754906,-0.6080272266,19.67318668,12.99931554,0.3273929068,0.7039331267,1331,1987-08-25,1987-12-04,1991-04-17,True,1230,1331,1990,-0.1692623516,1995,0.7488328111,-0.5001086147,0.0184780425,0.1530239228,0,0
SSO_ALWAYS,SP500,LAG1,2000_2009,PRICE_INDEX,1999-12-31,2000-01-03,2009-12-31,2515,-0.106280868,-0.8838247466,0.3250451935,10.00136893,0.4445717456,-0.09276319875,3570,2000-03-23,2009-03-09,,False,,,2008,-0.6764976834,2003,0.5685350336,-0.7785542111,-0.2359413347,-0.106280868,0,0
SSO_ALWAYS,SP500,LAG1,2010_2019,PRICE_INDEX,2009-12-31,2010-01-04,2019-12-31,2516,0.2365944007,-0.3636270348,8.358849472,9.998631075,0.2954929261,0.8489335775,417,2011-04-29,2011-10-03,2012-03-13,True,162,319,2018,-0.1405401849,2013,0.7053737684,-0.2466296343,0.1083053208,0.2365944007,0,0
SSO_ALWAYS,SP500,LAG1,2020_latest,PRICE_INDEX,2019-12-31,2020-01-02,2026-09-02,1676,0.2269610459,-0.5915434907,3.914637716,6.672142368,0.4058468602,0.6385932216,780,2020-02-19,2020-03-23,2020-09-02,True,163,196,2022,-0.3866000695,2021,0.6045064327,-0.4094443626,0.1501948743,,0,0
SSO_ALWAYS,SP500,LAG1,2010_latest,PRICE_INDEX,2009-12-31,2010-01-04,2026-09-02,4192,0.232729799,-0.5915434907,32.72186741,16.67077344,0.3438438384,0.7392364237,780,2020-02-19,2020-03-23,2020-09-02,True,163,196,2022,-0.3866000695,2013,0.7053737684,-0.4281860945,0.008655191821,0.1294282144,0,0
SSO_SMA_TO_SP500,SP500,LAG1,1987_1999,PRICE_INDEX,1986-12-31,1987-01-02,1999-12-31,3286,0.2585828179,-0.4168272425,19.87902202,12.99931554,0.2673249479,0.7892371086,702,1987-08-25,1987-10-19,1989-07-27,True,647,702,1990,-0.1397663119,1995,0.7488328111,-0.3635656193,0.05874343891,0.1679818244,66,5.077190396
SSO_SMA_TO_SP500,SP500,LAG1,2000_2009,PRICE_INDEX,1999-12-31,2000-01-03,2009-12-31,2515,-0.02869716777,-0.6225525809,0.7473589512,10.00136893,0.2847805834,-0.05683757974,2612,2007-07-13,2009-03-09,,False,,,2008,-0.3699761113,2003,0.5050685046,-0.4824233327,-0.115312472,-0.02869716777,92,9.198740761
SSO_SMA_TO_SP500,SP500,LAG1,2010_2019,PRICE_INDEX,2009-12-31,2010-01-04,2019-12-31,2516,0.1860555008,-0.3143056002,5.507426075,9.998631075,0.243575942,0.8005527094,566,2018-09-20,2018-12-24,2019-11-25,True,336,431,2018,-0.1399719543,2013,0.7053737684,-0.2119409932,0.09466111906,0.1860555008,60,6.000821468
SSO_SMA_TO_SP500,SP500,LAG1,2020_latest,PRICE_INDEX,2019-12-31,2020-01-02,2026-09-02,1676,0.2192056485,-0.4567494122,3.752474694,6.672142368,0.2957801218,0.7225931549,780,2020-02-19,2020-03-23,2020-11-16,True,238,271,2022,-0.3107376068,2021,0.6045064327,-0.3267627509,0.1566617714,,40,5.995075913
SSO_SMA_TO_SP500,SP500,LAG1,2010_latest,PRICE_INDEX,2009-12-31,2010-01-04,2026-09-02,4192,0.1992136033,-0.4567494122,20.66647697,16.67077344,0.2656502019,0.762235887,780,2020-02-19,2020-03-23,2020-11-16,True,238,271,2022,-0.3107376068,2013,0.7053737684,-0.3267627509,0.02517222167,0.1146154872,100,5.998521925
SSO_SMA_TO_TBILL,SP500,LAG1,1987_1999,PRICE_INDEX,1986-12-31,1987-01-02,1999-12-31,3286,0.2379327153,-0.3194924548,16.03238291,12.99931554,0.2441024462,0.7713266536,687,1987-08-25,1988-11-16,1989-07-12,True,238,687,1990,-0.1365719021,1995,0.7488328111,-0.305715772,0.05595405886,0.1600659421,66,5.077190396
SSO_SMA_TO_TBILL,SP500,LAG1,2000_2009,PRICE_INDEX,1999-12-31,2000-01-03,2009-12-31,2515,0.007548491125,-0.4381813152,1.078112398,10.00136893,0.2055739237,0.005494824726,2589,1999-12-31,2003-04-21,2007-02-01,True,1382,2589,2000,-0.35851332,2003,0.4180539465,-0.3559687489,-0.04171421262,0.007548491125,92,9.198740761
SSO_SMA_TO_TBILL,SP500,LAG1,2010_2019,PRICE_INDEX,2009-12-31,2010-01-04,2019-12-31,2516,0.1245568647,-0.30504284,3.2340328,9.998631075,0.2237004322,0.6124036438,679,2010-04-23,2010-09-14,2011-02-18,True,157,301,2015,-0.1783378713,2013,0.7053737684,-0.2613022725,0.0387666422,0.1245568647,60,6.000821468
SSO_SMA_TO_TBILL,SP500,LAG1,2020_latest,PRICE_INDEX,2019-12-31,2020-01-02,2026-09-02,1676,0.1773646711,-0.354298187,2.972543966,6.672142368,0.2485745628,0.6669543093,799,2020-02-19,2020-06-26,2021-01-08,True,196,324,2022,-0.2718310152,2021,0.6045064327,-0.2807350001,0.1301404626,,40,5.995075913
SSO_SMA_TO_TBILL,SP500,LAG1,2010_latest,PRICE_INDEX,2009-12-31,2010-01-04,2026-09-02,4192,0.1454017303,-0.354298187,9.613304685,16.67077344,0.2339392907,0.6348192055,799,2020-02-19,2020-06-26,2021-01-08,True,196,324,2022,-0.2718310152,2013,0.7053737684,-0.2807350001,0.008890031061,0.07282358847,100,5.998521925
SP500_1X,SP500,LAG2,1987_1999,PRICE_INDEX,1986-12-31,1987-01-02,1999-12-31,3286,0.1797352651,-0.3306415614,8.573342392,12.99931554,0.1636973099,0.7574336346,631,1987-08-25,1987-10-19,1989-05-17,True,576,631,1990,-0.03104820291,1995,0.3757620118,-0.2084043343,0.0764684367,0.1291453964,0,0
SP500_1X,SP500,LAG2,2000_2009,PRICE_INDEX,1999-12-31,2000-01-03,2009-12-31,2515,-0.009491800267,-0.5525024107,0.9090234381,10.00136893,0.2222697112,-0.05632058135,2243,2007-10-09,2009-03-09,,False,,,2008,-0.3699761113,2003,0.2868423796,-0.4751914483,-0.08198823669,-0.009491800267,0,0
SP500_1X,SP500,LAG2,2010_2019,PRICE_INDEX,2009-12-31,2010-01-04,2019-12-31,2516,0.1356189194,-0.1936348981,3.566568612,9.998631075,0.1477353441,0.8972367424,280,2018-09-20,2018-12-24,2019-04-12,True,109,204,2018,-0.04384233325,2013,0.3238848467,-0.1060500338,0.07285874511,0.1356189194,0,0
SP500_1X,SP500,LAG2,2020_latest,PRICE_INDEX,2019-12-31,2020-01-02,2026-09-02,1676,0.1553736354,-0.3379046365,2.621157615,6.672142368,0.2029250113,0.6718826412,709,2020-02-19,2020-03-23,2020-08-10,True,140,173,2022,-0.1811088889,2021,0.2870536926,-0.1966703289,0.1142978984,,0,0
SP500_1X,SP500,LAG2,2010_latest,PRICE_INDEX,2009-12-31,2010-01-04,2026-09-02,4192,0.143484481,-0.3379046365,9.348538478,16.67077344,0.1719182885,0.7798592138,709,2020-02-19,2020-03-23,2020-08-10,True,140,173,2022,-0.1811088889,2013,0.3238848467,-0.1992094173,0.03329520162,0.08898959788,0,0
SSO_ALWAYS,SP500,LAG2,1987_1999,PRICE_INDEX,1986-12-31,1987-01-02,1999-12-31,3286,0.2575754906,-0.6080272266,19.67318668,12.99931554,0.3273929068,0.7039331267,1331,1987-08-25,1987-12-04,1991-04-17,True,1230,1331,1990,-0.1692623516,1995,0.7488328111,-0.5001086147,0.0184780425,0.1530239228,0,0
SSO_ALWAYS,SP500,LAG2,2000_2009,PRICE_INDEX,1999-12-31,2000-01-03,2009-12-31,2515,-0.106280868,-0.8838247466,0.3250451935,10.00136893,0.4445717456,-0.09276319875,3570,2000-03-23,2009-03-09,,False,,,2008,-0.6764976834,2003,0.5685350336,-0.7785542111,-0.2359413347,-0.106280868,0,0
SSO_ALWAYS,SP500,LAG2,2010_2019,PRICE_INDEX,2009-12-31,2010-01-04,2019-12-31,2516,0.2365944007,-0.3636270348,8.358849472,9.998631075,0.2954929261,0.8489335775,417,2011-04-29,2011-10-03,2012-03-13,True,162,319,2018,-0.1405401849,2013,0.7053737684,-0.2466296343,0.1083053208,0.2365944007,0,0
SSO_ALWAYS,SP500,LAG2,2020_latest,PRICE_INDEX,2019-12-31,2020-01-02,2026-09-02,1676,0.2269610459,-0.5915434907,3.914637716,6.672142368,0.4058468602,0.6385932216,780,2020-02-19,2020-03-23,2020-09-02,True,163,196,2022,-0.3866000695,2021,0.6045064327,-0.4094443626,0.1501948743,,0,0
SSO_ALWAYS,SP500,LAG2,2010_latest,PRICE_INDEX,2009-12-31,2010-01-04,2026-09-02,4192,0.232729799,-0.5915434907,32.72186741,16.67077344,0.3438438384,0.7392364237,780,2020-02-19,2020-03-23,2020-09-02,True,163,196,2022,-0.3866000695,2013,0.7053737684,-0.4281860945,0.008655191821,0.1294282144,0,0
SSO_SMA_TO_SP500,SP500,LAG2,1987_1999,PRICE_INDEX,1986-12-31,1987-01-02,1999-12-31,3286,0.2524314932,-0.4488198401,18.6524046,12.99931554,0.2691200886,0.7676900275,701,1987-08-25,1987-10-19,1989-07-26,True,646,701,1990,-0.1809415891,1995,0.7488328111,-0.3737600695,0.05060428136,0.1602427342,66,5.077190396
SSO_SMA_TO_SP500,SP500,LAG2,2000_2009,PRICE_INDEX,1999-12-31,2000-01-03,2009-12-31,2515,-0.01375525789,-0.6230120476,0.8706403175,10.00136893,0.2843533352,-0.003552958121,2491,2007-07-13,2009-03-09,,False,,,2008,-0.3699761113,2003,0.598491878,-0.4950876976,-0.1071617359,-0.01375525789,92,9.198740761
SSO_SMA_TO_SP500,SP500,LAG2,2010_2019,PRICE_INDEX,2009-12-31,2010-01-04,2019-12-31,2516,0.1958005107,-0.276803943,5.976969456,9.998631075,0.2444157897,0.8321443156,572,2010-04-23,2010-08-26,2011-01-05,True,132,257,2015,-0.1158907011,2013,0.7053737684,-0.2264977754,0.1029384444,0.1958005107,60,6.000821468
SSO_SMA_TO_SP500,SP500,LAG2,2020_latest,PRICE_INDEX,2019-12-31,2020-01-02,2026-09-02,1676,0.2177026125,-0.4121742431,3.721716749,6.672142368,0.2964144242,0.7173522138,799,2020-02-19,2020-03-23,2020-08-25,True,155,188,2022,-0.3237068064,2021,0.6045064327,-0.3394390149,0.1358541756,,40,5.995075913
SSO_SMA_TO_SP500,SP500,LAG2,2010_latest,PRICE_INDEX,2009-12-31,2010-01-04,2026-09-02,4192,0.204518704,-0.4121742431,22.24458733,16.67077344,0.2663933596,0.7773746449,799,2020-02-19,2020-03-23,2020-08-25,True,155,188,2022,-0.3237068064,2013,0.7053737684,-0.3394390149,0.04409296973,0.132666862,100,5.998521925
SSO_SMA_TO_TBILL,SP500,LAG2,1987_1999,PRICE_INDEX,1986-12-31,1987-01-02,1999-12-31,3286,0.2262831766,-0.3271793967,14.17814377,12.99931554,0.2467204878,0.7276095471,652,1987-08-25,1988-09-01,1989-06-07,True,279,652,1990,-0.2161689086,1995,0.7488328111,-0.3221028006,0.03177683079,0.1453276913,66,5.077190396
SSO_SMA_TO_TBILL,SP500,LAG2,2000_2009,PRICE_INDEX,1999-12-31,2000-01-03,2009-12-31,2515,0.0387488812,-0.4023178855,1.46260917,10.00136893,0.2047806398,0.1539675511,1447,2007-07-13,2009-07-08,,False,,,2000,-0.3294818002,2003,0.5975533013,-0.3270446975,-0.03122962082,0.0387488812,92,9.198740761
SSO_SMA_TO_TBILL,SP500,LAG2,2010_2019,PRICE_INDEX,2009-12-31,2010-01-04,2019-12-31,2516,0.1432737957,-0.3185486438,3.814370639,9.998631075,0.2249157419,0.6837846797,760,2015-05-21,2016-06-27,2017-06-19,True,357,760,2015,-0.2213236448,2013,0.7053737684,-0.2992507618,0.047987108,0.1432737957,60,6.000821468
SSO_SMA_TO_TBILL,SP500,LAG2,2020_latest,PRICE_INDEX,2019-12-31,2020-01-02,2026-09-02,1676,0.1746051374,-0.4009539176,2.926366258,6.672142368,0.2495774568,0.6556184561,897,2022-01-03,2023-03-22,2024-06-18,True,454,897,2022,-0.2984232197,2021,0.6045064327,-0.3070196958,0.0888869589,,40,5.995075913
SSO_SMA_TO_TBILL,SP500,LAG2,2010_latest,PRICE_INDEX,2009-12-31,2010-01-04,2026-09-02,4192,0.1557119602,-0.4009539176,11.16224553,16.67077344,0.2350593424,0.6710097709,897,2022-01-03,2023-03-22,2024-06-18,True,454,897,2022,-0.2984232197,2013,0.7053737684,-0.3070196958,0.04511664419,0.1076131891,100,5.998521925
SP500_1X,SP500,LAG1,1987_1999,PRICE_INDEX,1986-12-31,1987-01-02,1999-12-31,3286,0.1797352651,-0.3306415614,8.573342392,12.99931554,0.1636973099,0.7574336346,631,1987-08-25,1987-10-19,1989-05-17,True,576,631,1990,-0.03104820291,1995,0.3757620118,-0.2084043343,0.0764684367,0.1291453964,0,0
SP500_1X,SP500,LAG1,2000_2009,PRICE_INDEX,1999-12-31,2000-01-03,2009-12-31,2515,-0.009491800267,-0.5525024107,0.9090234381,10.00136893,0.2222697112,-0.05632058135,2243,2007-10-09,2009-03-09,,False,,,2008,-0.3699761113,2003,0.2868423796,-0.4751914483,-0.08198823669,-0.009491800267,0,0
SP500_1X,SP500,LAG1,2010_2019,PRICE_INDEX,2009-12-31,2010-01-04,2019-12-31,2516,0.1356189194,-0.1936348981,3.566568612,9.998631075,0.1477353441,0.8972367424,280,2018-09-20,2018-12-24,2019-04-12,True,109,204,2018,-0.04384233325,2013,0.3238848467,-0.1060500338,0.07285874511,0.1356189194,0,0
SP500_1X,SP500,LAG1,2020_latest,PRICE_INDEX,2019-12-31,2020-01-02,2026-09-02,1676,0.1553736354,-0.3379046365,2.621157615,6.672142368,0.2029250113,0.6718826412,709,2020-02-19,2020-03-23,2020-08-10,True,140,173,2022,-0.1811088889,2021,0.2870536926,-0.1966703289,0.1142978984,,0,0
SP500_1X,SP500,LAG1,2010_latest,PRICE_INDEX,2009-12-31,2010-01-04,2026-09-02,4192,0.143484481,-0.3379046365,9.348538478,16.67077344,0.1719182885,0.7798592138,709,2020-02-19,2020-03-23,2020-08-10,True,140,173,2022,-0.1811088889,2013,0.3238848467,-0.1992094173,0.03329520162,0.08898959788,0,0
UPRO_ALWAYS,SP500,LAG1,1987_1999,PRICE_INDEX,1986-12-31,1987-01-02,1999-12-31,3286,0.3066344008,-0.806563222,32.35367669,12.99931554,0.4910974009,0.7033660365,2348,1987-08-25,1987-12-04,1994-01-28,True,2247,2348,1987,-0.3732854515,1995,1.22788602,-0.7399986631,-0.0810500447,0.148489041,0,0
UPRO_ALWAYS,SP500,LAG1,2000_2009,PRICE_INDEX,1999-12-31,2000-01-03,2009-12-31,2515,-0.2266489994,-0.9820109229,0.07649159444,10.00136893,0.6668695337,-0.09213035536,3570,2000-03-23,2009-03-09,,False,,,2008,-0.8597747321,2003,0.8731653747,-0.9227273643,-0.3916285461,-0.2266489994,0,0
UPRO_ALWAYS,SP500,LAG1,2010_2019,PRICE_INDEX,2009-12-31,2010-01-04,2019-12-31,2516,0.3281877639,-0.5173312905,17.07756772,9.998631075,0.4432450125,0.8520622248,424,2011-04-29,2011-10-03,2012-04-02,True,182,339,2018,-0.2436814515,2013,1.18798752,-0.3770481292,0.13484204,0.3281877639,0,0
UPRO_ALWAYS,SP500,LAG1,2020_latest,PRICE_INDEX,2019-12-31,2020-01-02,2026-09-02,1676,0.2586669375,-0.7668301233,4.641082026,6.672142368,0.6087706406,0.6415167419,891,2020-02-19,2020-03-23,2021-01-07,True,290,323,2022,-0.5631810077,2021,0.9825793327,-0.5871593323,0.1639153848,,0,0
UPRO_ALWAYS,SP500,LAG1,2010_latest,PRICE_INDEX,2009-12-31,2010-01-04,2026-09-02,4192,0.2999140754,-0.7668301233,79.2583926,16.67077344,0.515767943,0.7422291935,891,2020-02-19,2020-03-23,2021-01-07,True,290,323,2022,-0.5631810077,2013,1.18798752,-0.6241313127,-0.0397094371,0.1467709094,0,0
UPRO_SMA_TO_SP500,SP500,LAG1,1987_1999,PRICE_INDEX,1986-12-31,1987-01-02,1999-12-31,3286,0.3317949611,-0.5053980643,41.45726076,12.99931554,0.381993178,0.7984345898,713,1987-08-25,1988-11-16,1989-08-07,True,264,713,1990,-0.2394118108,1995,1.22788602,-0.4948529265,0.03436144189,0.2029251877,66,5.077190396
UPRO_SMA_TO_SP500,SP500,LAG1,2000_2009,PRICE_INDEX,1999-12-31,2000-01-03,2009-12-31,2515,-0.05335833009,-0.7249622766,0.5778612545,10.00136893,0.3659753734,-0.04156520619,3653,1999-12-31,2009-03-09,,False,,,2000,-0.4867144888,2003,0.7447869539,-0.5396321429,-0.149814471,-0.05335833009,92,9.198740761
UPRO_SMA_TO_SP500,SP500,LAG1,2010_2019,PRICE_INDEX,2009-12-31,2010-01-04,2019-12-31,2516,0.2318724654,-0.4208131783,8.045138087,9.998631075,0.3490756368,0.7581978661,699,2018-01-26,2018-12-24,2019-12-26,True,367,699,2018,-0.2356810837,2013,1.18798752,-0.3464475586,0.09803667923,0.2318724654,60,6.000821468
UPRO_SMA_TO_SP500,SP500,LAG1,2020_latest,PRICE_INDEX,2019-12-31,2020-01-02,2026-09-02,1676,0.274795843,-0.5572725565,5.052600402,6.672142368,0.4058163549,0.7338930457,807,2020-02-19,2020-03-23,2020-12-17,True,269,302,2022,-0.4222627996,2021,0.9825793327,-0.4381098401,0.1861539858,,40,5.995075913
UPRO_SMA_TO_SP500,SP500,LAG1,2010_latest,PRICE_INDEX,2009-12-31,2010-01-04,2026-09-02,4192,0.2488754382,-0.5572725565,40.64886793,16.67077344,0.3727555711,0.7456029038,807,2020-02-19,2020-03-23,2020-12-17,True,269,302,2022,-0.4222627996,2013,1.18798752,-0.4381098401,0.01212498395,0.1340559436,100,5.998521925
UPRO_SMA_TO_TBILL,SP500,LAG1,1987_1999,PRICE_INDEX,1986-12-31,1987-01-02,1999-12-31,3286,0.3099436358,-0.4728516679,33.43517998,12.99931554,0.3661408465,0.7709907966,702,1987-08-25,1988-11-16,1989-07-27,True,253,702,1990,-0.2365874267,1995,1.22788602,-0.4489366751,0.03648422806,0.1947724801,66,5.077190396
UPRO_SMA_TO_TBILL,SP500,LAG1,2000_2009,PRICE_INDEX,1999-12-31,2000-01-03,2009-12-31,2515,-0.01803294039,-0.6219451105,0.8336012864,10.00136893,0.3083804426,0.006823767142,3653,1999-12-31,2003-04-21,,False,,,2000,-0.5241104119,2003,0.6439132294,-0.5211554062,-0.08663335634,-0.01803294039,92,9.198740761
UPRO_SMA_TO_TBILL,SP500,LAG1,2010_2019,PRICE_INDEX,2009-12-31,2010-01-04,2019-12-31,2516,0.1679981556,-0.4284938716,4.724210566,9.998631075,0.3355570451,0.6158929711,704,2010-04-23,2010-09-14,2011-04-27,True,225,369,2015,-0.2667449475,2013,1.18798752,-0.3873838138,0.03692932954,0.1679981556,60,6.000821468
UPRO_SMA_TO_TBILL,SP500,LAG1,2020_latest,PRICE_INDEX,2019-12-31,2020-01-02,2026-09-02,1676,0.2310471087,-0.4923061478,4.002445869,6.672142368,0.3728570308,0.6701870337,884,2020-02-19,2020-06-26,2021-02-05,True,224,352,2022,-0.3896514378,2021,0.9825793327,-0.4009351246,0.158358463,,40,5.995075913
UPRO_SMA_TO_TBILL,SP500,LAG1,2010_latest,PRICE_INDEX,2009-12-31,2010-01-04,2026-09-02,4192,0.1928351078,-0.4923061478,18.90839707,16.67077344,0.3509082586,0.6381951895,884,2020-02-19,2020-06-26,2021-02-05,True,224,352,2022,-0.3896514378,2013,1.18798752,-0.4009351246,-0.01051433326,0.0877361522,100,5.998521925
SP500_1X,SP500,LAG2,1987_1999,PRICE_INDEX,1986-12-31,1987-01-02,1999-12-31,3286,0.1797352651,-0.3306415614,8.573342392,12.99931554,0.1636973099,0.7574336346,631,1987-08-25,1987-10-19,1989-05-17,True,576,631,1990,-0.03104820291,1995,0.3757620118,-0.2084043343,0.0764684367,0.1291453964,0,0
SP500_1X,SP500,LAG2,2000_2009,PRICE_INDEX,1999-12-31,2000-01-03,2009-12-31,2515,-0.009491800267,-0.5525024107,0.9090234381,10.00136893,0.2222697112,-0.05632058135,2243,2007-10-09,2009-03-09,,False,,,2008,-0.3699761113,2003,0.2868423796,-0.4751914483,-0.08198823669,-0.009491800267,0,0
SP500_1X,SP500,LAG2,2010_2019,PRICE_INDEX,2009-12-31,2010-01-04,2019-12-31,2516,0.1356189194,-0.1936348981,3.566568612,9.998631075,0.1477353441,0.8972367424,280,2018-09-20,2018-12-24,2019-04-12,True,109,204,2018,-0.04384233325,2013,0.3238848467,-0.1060500338,0.07285874511,0.1356189194,0,0
SP500_1X,SP500,LAG2,2020_latest,PRICE_INDEX,2019-12-31,2020-01-02,2026-09-02,1676,0.1553736354,-0.3379046365,2.621157615,6.672142368,0.2029250113,0.6718826412,709,2020-02-19,2020-03-23,2020-08-10,True,140,173,2022,-0.1811088889,2021,0.2870536926,-0.1966703289,0.1142978984,,0,0
SP500_1X,SP500,LAG2,2010_latest,PRICE_INDEX,2009-12-31,2010-01-04,2026-09-02,4192,0.143484481,-0.3379046365,9.348538478,16.67077344,0.1719182885,0.7798592138,709,2020-02-19,2020-03-23,2020-08-10,True,140,173,2022,-0.1811088889,2013,0.3238848467,-0.1992094173,0.03329520162,0.08898959788,0,0
UPRO_ALWAYS,SP500,LAG2,1987_1999,PRICE_INDEX,1986-12-31,1987-01-02,1999-12-31,3286,0.3066344008,-0.806563222,32.35367669,12.99931554,0.4910974009,0.7033660365,2348,1987-08-25,1987-12-04,1994-01-28,True,2247,2348,1987,-0.3732854515,1995,1.22788602,-0.7399986631,-0.0810500447,0.148489041,0,0
UPRO_ALWAYS,SP500,LAG2,2000_2009,PRICE_INDEX,1999-12-31,2000-01-03,2009-12-31,2515,-0.2266489994,-0.9820109229,0.07649159444,10.00136893,0.6668695337,-0.09213035536,3570,2000-03-23,2009-03-09,,False,,,2008,-0.8597747321,2003,0.8731653747,-0.9227273643,-0.3916285461,-0.2266489994,0,0
UPRO_ALWAYS,SP500,LAG2,2010_2019,PRICE_INDEX,2009-12-31,2010-01-04,2019-12-31,2516,0.3281877639,-0.5173312905,17.07756772,9.998631075,0.4432450125,0.8520622248,424,2011-04-29,2011-10-03,2012-04-02,True,182,339,2018,-0.2436814515,2013,1.18798752,-0.3770481292,0.13484204,0.3281877639,0,0
UPRO_ALWAYS,SP500,LAG2,2020_latest,PRICE_INDEX,2019-12-31,2020-01-02,2026-09-02,1676,0.2586669375,-0.7668301233,4.641082026,6.672142368,0.6087706406,0.6415167419,891,2020-02-19,2020-03-23,2021-01-07,True,290,323,2022,-0.5631810077,2021,0.9825793327,-0.5871593323,0.1639153848,,0,0
UPRO_ALWAYS,SP500,LAG2,2010_latest,PRICE_INDEX,2009-12-31,2010-01-04,2026-09-02,4192,0.2999140754,-0.7668301233,79.2583926,16.67077344,0.515767943,0.7422291935,891,2020-02-19,2020-03-23,2021-01-07,True,290,323,2022,-0.5631810077,2013,1.18798752,-0.6241313127,-0.0397094371,0.1467709094,0,0
UPRO_SMA_TO_SP500,SP500,LAG2,1987_1999,PRICE_INDEX,1986-12-31,1987-01-02,1999-12-31,3286,0.3183132197,-0.5500099096,36.32116283,12.99931554,0.3853428272,0.7687502466,808,1987-08-25,1987-10-19,1989-08-07,True,658,713,1990,-0.3112031201,1995,1.22788602,-0.5102923902,0.01737230452,0.1863616922,66,5.077190396
UPRO_SMA_TO_SP500,SP500,LAG2,2000_2009,PRICE_INDEX,1999-12-31,2000-01-03,2009-12-31,2515,-0.02390510523,-0.6928293381,0.7850657456,10.00136893,0.3650868361,0.04153607868,2581,1999-12-31,2002-10-09,2007-01-24,True,1568,2581,2000,-0.4619522097,2003,0.9700532744,-0.541049496,-0.1342924877,-0.02390510523,92,9.198740761
UPRO_SMA_TO_SP500,SP500,LAG2,2010_2019,PRICE_INDEX,2009-12-31,2010-01-04,2019-12-31,2516,0.2520580344,-0.4014779323,9.46478937,9.998631075,0.3506369373,0.8027193142,658,2010-04-23,2010-08-26,2011-02-01,True,159,284,2015,-0.2337774522,2013,1.18798752,-0.3497409559,0.1072495056,0.2520580344,60,6.000821468
UPRO_SMA_TO_SP500,SP500,LAG2,2020_latest,PRICE_INDEX,2019-12-31,2020-01-02,2026-09-02,1676,0.2716065105,-0.5254328661,4.968855378,6.672142368,0.4070499532,0.7263353563,896,2022-01-03,2023-03-13,2024-06-17,True,462,896,2022,-0.4440315373,2021,0.9825793327,-0.4592956965,0.1425726043,,40,5.995075913
UPRO_SMA_TO_SP500,SP500,LAG2,2010_latest,PRICE_INDEX,2009-12-31,2010-01-04,2026-09-02,4192,0.259845589,-0.5254328661,47.02916956,16.67077344,0.3741675555,0.7674067593,896,2022-01-03,2023-03-13,2024-06-17,True,462,896,2022,-0.4440315373,2013,1.18798752,-0.4592956965,0.04964431019,0.1709926332,100,5.998521925
UPRO_SMA_TO_TBILL,SP500,LAG2,1987_1999,PRICE_INDEX,1986-12-31,1987-01-02,1999-12-31,3286,0.2907894217,-0.4778175056,27.60859414,12.99931554,0.3700726326,0.7272731834,812,1987-08-25,1988-09-01,1989-07-27,True,329,702,1990,-0.3408279521,1995,1.22788602,-0.4712205684,0.009885023618,0.1711108873,66,5.077190396
UPRO_SMA_TO_TBILL,SP500,LAG2,2000_2009,PRICE_INDEX,1999-12-31,2000-01-03,2009-12-31,2515,0.02805869232,-0.5568704746,1.318850432,10.00136893,0.3071848129,0.1552987413,1466,2007-07-13,2009-07-08,,False,,,2000,-0.4902856062,2003,0.9688965303,-0.4873836683,-0.07190952848,0.02805869232,92,9.198740761
UPRO_SMA_TO_TBILL,SP500,LAG2,2010_2019,PRICE_INDEX,2009-12-31,2010-01-04,2019-12-31,2516,0.1970601524,-0.446697046,6.040220708,9.998631075,0.3373796371,0.6872585712,790,2015-05-21,2016-06-27,2017-07-19,True,387,790,2015,-0.3251520129,2013,1.18798752,-0.422305469,0.05039128614,0.1970601524,60,6.000821468
UPRO_SMA_TO_TBILL,SP500,LAG2,2020_latest,PRICE_INDEX,2019-12-31,2020-01-02,2026-09-02,1676,0.2266012446,-0.5499679181,3.906984787,6.672142368,0.3743652893,0.6588467693,925,2022-01-03,2023-03-22,2024-07-16,True,482,925,2022,-0.4232463556,2021,0.9825793327,-0.4339309148,0.09532758263,,40,5.995075913
UPRO_SMA_TO_TBILL,SP500,LAG2,2010_latest,PRICE_INDEX,2009-12-31,2010-01-04,2026-09-02,4192,0.2087970161,-0.5499679181,23.59905041,16.67077344,0.3525906982,0.6743753,925,2022-01-03,2023-03-22,2024-07-16,True,482,925,2022,-0.4232463556,2013,1.18798752,-0.4339309148,0.04476131459,0.1365948221,100,5.998521925
NASDAQ100_1X,NASDAQ100,LAG1,1987_1999,PRICE_INDEX,1986-12-31,1987-01-02,1999-12-31,3286,0.2857373046,-0.399349869,26.23641376,12.99931554,0.2377111006,0.9443270827,599,1987-10-05,1987-10-26,1989-05-26,True,578,599,1990,-0.1041169041,1999,1.020664395,-0.2974665047,0.06745878608,0.1536697439,0,0
NASDAQ100_1X,NASDAQ100,LAG1,2000_2009,PRICE_INDEX,1999-12-31,2000-01-03,2009-12-31,2515,-0.06357345178,-0.8287281904,0.5184395519,10.00136893,0.3534813222,-0.08860950682,3566,2000-03-27,2002-10-07,,False,,,2008,-0.4157347699,2009,0.5461334405,-0.6969960061,-0.2059448364,-0.06357345178,0,0
NASDAQ100_1X,NASDAQ100,LAG1,2010_2019,PRICE_INDEX,2009-12-31,2010-01-04,2019-12-31,2516,0.1806964778,-0.2272051641,5.263612684,9.998631075,0.1731636799,1.014309774,236,2018-08-29,2018-12-24,2019-04-10,True,107,224,2018,0.000369305224,2019,0.3945740438,-0.07739853905,0.1187347576,0.1806964778,0,0
NASDAQ100_1X,NASDAQ100,LAG1,2020_latest,PRICE_INDEX,2019-12-31,2020-01-02,2026-09-02,1676,0.2073636883,-0.3503672496,3.515891971,6.672142368,0.252291111,0.7600193849,715,2021-12-27,2022-10-14,2023-12-12,True,424,715,2022,-0.3238312743,2023,0.5512956566,-0.3468791456,0.1297735511,,0,0
NASDAQ100_1X,NASDAQ100,LAG1,2010_latest,PRICE_INDEX,2009-12-31,2010-01-04,2026-09-02,4192,0.191298061,-0.3503672496,18.50629358,16.67077344,0.2084101904,0.8736969272,715,2021-12-27,2022-10-14,2023-12-12,True,424,715,2022,-0.3238312743,2023,0.5512956566,-0.3468791456,0.1068682551,0.1488264634,0,0
TQQQ_ALWAYS,NASDAQ100,LAG1,1987_1999,PRICE_INDEX,1986-12-31,1987-01-02,1999-12-31,3286,0.5570660454,-0.8538985875,316.1257103,12.99931554,0.7133187804,0.9080322899,1562,1987-10-05,1990-10-11,1992-01-14,True,460,1562,1990,-0.4811055097,1999,4.235072003,-0.7483634474,-0.1273638978,0.1599660349,0,0
TQQQ_ALWAYS,NASDAQ100,LAG1,2000_2009,PRICE_INDEX,1999-12-31,2000-01-03,2009-12-31,2515,-0.4772790679,-0.9998170634,0.001521644668,10.00136893,1.060636945,-0.1104604832,3566,2000-03-27,2009-03-09,,False,,,2000,-0.9171517438,2009,1.931825194,-0.9918368341,-0.7227521501,-0.4772790679,0,0
TQQQ_ALWAYS,NASDAQ100,LAG1,2010_2019,PRICE_INDEX,2009-12-31,2010-01-04,2019-12-31,2516,0.4573868081,-0.5798281461,43.20404594,9.998631075,0.5195084617,0.977148211,432,2018-08-29,2018-12-24,2019-11-04,True,315,432,2018,-0.1902256274,2013,1.399900386,-0.3577522899,0.2481775379,0.4573868081,0,0
TQQQ_ALWAYS,NASDAQ100,LAG1,2020_latest,PRICE_INDEX,2019-12-31,2020-01-02,2026-09-02,1676,0.3441512384,-0.8139360928,7.194891576,6.672142368,0.7568228998,0.7365375323,964,2021-11-19,2022-12-28,2024-07-10,True,560,964,2022,-0.7869868119,2023,2.003450012,-0.8076903836,0.1351009605,,0,0
TQQQ_ALWAYS,NASDAQ100,LAG1,2010_latest,PRICE_INDEX,2009-12-31,2010-01-04,2026-09-02,4192,0.4109644728,-0.8139360928,310.8484262,16.67077344,0.6252082194,0.8437980661,964,2021-11-19,2022-12-28,2024-07-10,True,560,964,2022,-0.7869868119,2023,2.003450012,-0.8076903836,0.056811173,0.2559653437,0,0
TQQQ_SMA_TO_NASDAQ,NASDAQ100,LAG1,1987_1999,PRICE_INDEX,1986-12-31,1987-01-02,1999-12-31,3286,0.4964750457,-0.6252991604,188.7049972,12.99931554,0.6216315466,0.8726467002,1275,1987-10-05,1990-10-11,1991-04-02,True,173,1275,1990,-0.2912603848,1999,4.235072003,-0.5564991319,-0.01685547595,0.1581532041,81,6.231097304
TQQQ_SMA_TO_NASDAQ,NASDAQ100,LAG1,2000_2009,PRICE_INDEX,1999-12-31,2000-01-03,2009-12-31,2515,-0.2060540236,-0.9786069477,0.0994883762,10.00136893,0.6351229026,-0.08717311594,3566,2000-03-27,2008-11-20,,False,,,2000,-0.8099984724,2009,1.366219603,-0.9174448994,-0.4680660614,-0.2060540236,92,9.198740761
TQQQ_SMA_TO_NASDAQ,NASDAQ100,LAG1,2010_2019,PRICE_INDEX,2009-12-31,2010-01-04,2019-12-31,2516,0.3156845319,-0.4838959326,15.53654971,9.998631075,0.4365628928,0.8372046094,569,2018-08-29,2018-12-24,2019-12-23,True,364,481,2011,-0.2269464111,2013,1.259394806,-0.3278914384,0.1981203856,0.3156845319,76,7.601040526
TQQQ_SMA_TO_NASDAQ,NASDAQ100,LAG1,2020_latest,PRICE_INDEX,2019-12-31,2020-01-02,2026-09-02,1676,0.4571867028,-0.5901872994,12.33095437,6.672142368,0.5705235547,0.8997755562,760,2021-11-19,2022-10-14,2023-12-19,True,431,760,2022,-0.5514918627,2023,1.407118936,-0.5763152031,0.2530522911,,22,3.297291752
TQQQ_SMA_TO_NASDAQ,NASDAQ100,LAG1,2010_latest,PRICE_INDEX,2009-12-31,2010-01-04,2026-09-02,4192,0.3705893135,-0.5901872994,191.5804855,16.67077344,0.494457836,0.8587427971,760,2021-11-19,2022-10-14,2023-12-19,True,431,760,2022,-0.5514918627,2023,1.407118936,-0.5763152031,0.1315771372,0.2252302067,98,5.878551486
TQQQ_SMA_TO_TBILL,NASDAQ100,LAG1,1987_1999,PRICE_INDEX,1986-12-31,1987-01-02,1999-12-31,3286,0.4269712368,-0.641518724,101.6932573,12.99931554,0.6093431584,0.7996921741,1275,1998-07-20,1998-10-13,1998-12-23,True,71,156,1988,-0.30852837,1999,4.235072003,-0.5501397921,-0.02403478714,0.1198405509,81,6.231097304
TQQQ_SMA_TO_TBILL,NASDAQ100,LAG1,2000_2009,PRICE_INDEX,1999-12-31,2000-01-03,2009-12-31,2515,-0.1484395329,-0.9534458666,0.2004746137,10.00136893,0.5596715097,-0.05338645255,3566,2000-03-27,2003-03-31,,False,,,2000,-0.7691880928,2009,0.9745871625,-0.8611441956,-0.3981030064,-0.1484395329,92,9.198740761
TQQQ_SMA_TO_TBILL,NASDAQ100,LAG1,2010_2019,PRICE_INDEX,2009-12-31,2010-01-04,2019-12-31,2516,0.2300256964,-0.505001931,7.925355605,9.998631075,0.4252065631,0.6893153834,875,2010-04-23,2010-09-07,2011-02-16,True,162,299,2011,-0.3254873363,2017,1.191386246,-0.4074071579,0.11319464,0.2300256964,76,7.601040526
TQQQ_SMA_TO_TBILL,NASDAQ100,LAG1,2020_latest,PRICE_INDEX,2019-12-31,2020-01-02,2026-09-02,1676,0.4456802713,-0.5498350541,11.69566366,6.672142368,0.5428265927,0.9026055858,606,2020-02-19,2020-03-11,2020-07-20,True,131,152,2022,-0.4427659021,2023,1.141857232,-0.4787301544,0.2599597133,,22,3.297291752
TQQQ_SMA_TO_TBILL,NASDAQ100,LAG1,2010_latest,PRICE_INDEX,2009-12-31,2010-01-04,2026-09-02,4192,0.3121803906,-0.5498350541,92.69229355,16.67077344,0.4757201976,0.781581487,875,2020-02-19,2020-03-11,2020-07-20,True,131,152,2022,-0.4427659021,2017,1.191386246,-0.4787301544,0.09001669548,0.1485102073,98,5.878551486
NASDAQ100_1X,NASDAQ100,LAG2,1987_1999,PRICE_INDEX,1986-12-31,1987-01-02,1999-12-31,3286,0.2857373046,-0.399349869,26.23641376,12.99931554,0.2377111006,0.9443270827,599,1987-10-05,1987-10-26,1989-05-26,True,578,599,1990,-0.1041169041,1999,1.020664395,-0.2974665047,0.06745878608,0.1536697439,0,0
NASDAQ100_1X,NASDAQ100,LAG2,2000_2009,PRICE_INDEX,1999-12-31,2000-01-03,2009-12-31,2515,-0.06357345178,-0.8287281904,0.5184395519,10.00136893,0.3534813222,-0.08860950682,3566,2000-03-27,2002-10-07,,False,,,2008,-0.4157347699,2009,0.5461334405,-0.6969960061,-0.2059448364,-0.06357345178,0,0
NASDAQ100_1X,NASDAQ100,LAG2,2010_2019,PRICE_INDEX,2009-12-31,2010-01-04,2019-12-31,2516,0.1806964778,-0.2272051641,5.263612684,9.998631075,0.1731636799,1.014309774,236,2018-08-29,2018-12-24,2019-04-10,True,107,224,2018,0.000369305224,2019,0.3945740438,-0.07739853905,0.1187347576,0.1806964778,0,0
NASDAQ100_1X,NASDAQ100,LAG2,2020_latest,PRICE_INDEX,2019-12-31,2020-01-02,2026-09-02,1676,0.2073636883,-0.3503672496,3.515891971,6.672142368,0.252291111,0.7600193849,715,2021-12-27,2022-10-14,2023-12-12,True,424,715,2022,-0.3238312743,2023,0.5512956566,-0.3468791456,0.1297735511,,0,0
NASDAQ100_1X,NASDAQ100,LAG2,2010_latest,PRICE_INDEX,2009-12-31,2010-01-04,2026-09-02,4192,0.191298061,-0.3503672496,18.50629358,16.67077344,0.2084101904,0.8736969272,715,2021-12-27,2022-10-14,2023-12-12,True,424,715,2022,-0.3238312743,2023,0.5512956566,-0.3468791456,0.1068682551,0.1488264634,0,0
TQQQ_ALWAYS,NASDAQ100,LAG2,1987_1999,PRICE_INDEX,1986-12-31,1987-01-02,1999-12-31,3286,0.5570660454,-0.8538985875,316.1257103,12.99931554,0.7133187804,0.9080322899,1562,1987-10-05,1990-10-11,1992-01-14,True,460,1562,1990,-0.4811055097,1999,4.235072003,-0.7483634474,-0.1273638978,0.1599660349,0,0
TQQQ_ALWAYS,NASDAQ100,LAG2,2000_2009,PRICE_INDEX,1999-12-31,2000-01-03,2009-12-31,2515,-0.4772790679,-0.9998170634,0.001521644668,10.00136893,1.060636945,-0.1104604832,3566,2000-03-27,2009-03-09,,False,,,2000,-0.9171517438,2009,1.931825194,-0.9918368341,-0.7227521501,-0.4772790679,0,0
TQQQ_ALWAYS,NASDAQ100,LAG2,2010_2019,PRICE_INDEX,2009-12-31,2010-01-04,2019-12-31,2516,0.4573868081,-0.5798281461,43.20404594,9.998631075,0.5195084617,0.977148211,432,2018-08-29,2018-12-24,2019-11-04,True,315,432,2018,-0.1902256274,2013,1.399900386,-0.3577522899,0.2481775379,0.4573868081,0,0
TQQQ_ALWAYS,NASDAQ100,LAG2,2020_latest,PRICE_INDEX,2019-12-31,2020-01-02,2026-09-02,1676,0.3441512384,-0.8139360928,7.194891576,6.672142368,0.7568228998,0.7365375323,964,2021-11-19,2022-12-28,2024-07-10,True,560,964,2022,-0.7869868119,2023,2.003450012,-0.8076903836,0.1351009605,,0,0
TQQQ_ALWAYS,NASDAQ100,LAG2,2010_latest,PRICE_INDEX,2009-12-31,2010-01-04,2026-09-02,4192,0.4109644728,-0.8139360928,310.8484262,16.67077344,0.6252082194,0.8437980661,964,2021-11-19,2022-12-28,2024-07-10,True,560,964,2022,-0.7869868119,2023,2.003450012,-0.8076903836,0.056811173,0.2559653437,0,0
TQQQ_SMA_TO_NASDAQ,NASDAQ100,LAG2,1987_1999,PRICE_INDEX,1986-12-31,1987-01-02,1999-12-31,3286,0.4160007005,-0.8054551852,91.98599056,12.99931554,0.6342958784,0.7862815607,2787,1987-10-05,1990-10-11,1995-05-23,True,1685,2787,1990,-0.396951447,1999,4.235072003,-0.742591655,-0.1479971703,0.07761617599,81,6.231097304
TQQQ_SMA_TO_NASDAQ,NASDAQ100,LAG2,2000_2009,PRICE_INDEX,1999-12-31,2000-01-03,2009-12-31,2515,-0.1364167899,-0.9624523346,0.2306506626,10.00136893,0.6338339112,0.04389416384,3566,2000-03-27,2002-10-07,,False,,,2000,-0.7542982242,2009,1.407467831,-0.8933740983,-0.4032980682,-0.1364167899,92,9.198740761
TQQQ_SMA_TO_NASDAQ,NASDAQ100,LAG2,2010_2019,PRICE_INDEX,2009-12-31,2010-01-04,2019-12-31,2516,0.3015355923,-0.4684116618,13.94452766,9.998631075,0.4449525831,0.8054743229,582,2010-04-23,2010-08-31,2011-01-06,True,128,258,2011,-0.2877686053,2013,1.283298512,-0.3851911942,0.1414211402,0.3015355923,76,7.601040526
TQQQ_SMA_TO_NASDAQ,NASDAQ100,LAG2,2020_latest,PRICE_INDEX,2019-12-31,2020-01-02,2026-09-02,1676,0.4424829665,-0.60002027,11.52415788,6.672142368,0.5791930898,0.8790300218,768,2020-02-19,2020-03-20,2020-07-10,True,112,142,2022,-0.535358836,2023,1.269688562,-0.5610644583,0.245572472,,22,3.297291752
TQQQ_SMA_TO_NASDAQ,NASDAQ100,LAG2,2010_latest,PRICE_INDEX,2009-12-31,2010-01-04,2026-09-02,4192,0.3562138461,-0.60002027,160.6989384,16.67077344,0.5029028373,0.8325037674,768,2020-02-19,2020-03-20,2020-07-10,True,112,142,2022,-0.535358836,2013,1.283298512,-0.5610644583,0.1131473889,0.2077539185,98,5.878551486
TQQQ_SMA_TO_TBILL,NASDAQ100,LAG2,1987_1999,PRICE_INDEX,1986-12-31,1987-01-02,1999-12-31,3286,0.3195086894,-0.8170316624,36.75165416,12.99931554,0.6238704955,0.6759018449,2842,1987-10-05,1990-08-03,1995-07-17,True,1809,2842,1990,-0.3933446886,1999,4.235072003,-0.7897333594,-0.203406352,0.01099908908,81,6.231097304
TQQQ_SMA_TO_TBILL,NASDAQ100,LAG2,2000_2009,PRICE_INDEX,1999-12-31,2000-01-03,2009-12-31,2515,-0.03433593406,-0.8788448463,0.7050825012,10.00136893,0.5579897991,0.1701855524,3566,2000-03-27,2003-03-31,,False,,,2000,-0.6602613672,2003,1.135937335,-0.7955600552,-0.285239195,-0.03433593406,92,9.198740761
TQQQ_SMA_TO_TBILL,NASDAQ100,LAG2,2010_2019,PRICE_INDEX,2009-12-31,2010-01-04,2019-12-31,2516,0.2119359279,-0.5358580432,6.834115682,9.998631075,0.434880262,0.6495080847,909,2011-04-27,2011-12-28,2013-10-22,True,664,909,2011,-0.4021297749,2013,1.223704604,-0.4578443586,0.04142861736,0.2119359279,76,7.601040526
TQQQ_SMA_TO_TBILL,NASDAQ100,LAG2,2020_latest,PRICE_INDEX,2019-12-31,2020-01-02,2026-09-02,1676,0.427185473,-0.5657051956,10.73285672,6.672142368,0.5530640274,0.8744953702,754,2020-02-19,2020-03-12,2020-08-05,True,146,168,2022,-0.4128214713,2020,0.9706606974,-0.4508554371,0.2482338537,,22,3.297291752
TQQQ_SMA_TO_TBILL,NASDAQ100,LAG2,2010_latest,PRICE_INDEX,2009-12-31,2010-01-04,2026-09-02,4192,0.2938868155,-0.5657051956,73.34958444,16.67077344,0.4855804427,0.7473617377,909,2020-02-19,2020-03-12,2020-08-05,True,146,168,2022,-0.4128214713,2013,1.223704604,-0.4578443586,0.04142861736,0.1272012161,98,5.878551486
