series,lag,execution,switch_cost_bps,entry_close,first_return,last_return,observations,cagr,max_drawdown,terminal_multiple,years,annualized_volatility,sharpe,longest_underwater_calendar_days,max_drawdown_peak,max_drawdown_trough,max_drawdown_recovery,max_drawdown_recovered,max_drawdown_recovery_days_from_trough,max_drawdown_recovery_days_from_peak,worst_calendar_year,worst_calendar_year_return,best_calendar_year,best_calendar_year_return,worst_rolling_1y_cagr,worst_rolling_5y_cagr,worst_rolling_10y_cagr,worst_rolling_20y_cagr,cohort_20y_count,cohort_20y_min_cagr,cohort_20y_median_cagr,worst_rolling_30y_cagr,cohort_30y_count,cohort_30y_min_cagr,cohort_30y_median_cagr,switch_count,switches_per_year,average_equity_exposure,terminal_wealth_10000,timing_cagr_difference,timing_terminal_ratio,fee_equal_control_cagr,fee_equal_timing_cagr_difference,matched_entry_close,matched_first_return,matched_last_return,matched_observations,matched_cagr,matched_max_drawdown,matched_terminal_multiple,matched_years,matched_annualized_volatility,matched_sharpe,matched_longest_underwater_calendar_days,matched_max_drawdown_peak,matched_max_drawdown_trough,matched_max_drawdown_recovery,matched_max_drawdown_recovered,matched_max_drawdown_recovery_days_from_trough,matched_max_drawdown_recovery_days_from_peak,matched_worst_calendar_year,matched_worst_calendar_year_return,matched_best_calendar_year,matched_best_calendar_year_return,matched_worst_rolling_1y_cagr,matched_worst_rolling_5y_cagr,matched_worst_rolling_10y_cagr,matched_worst_rolling_20y_cagr,matched_cohort_20y_count,matched_cohort_20y_min_cagr,matched_cohort_20y_median_cagr,matched_worst_rolling_30y_cagr,matched_cohort_30y_count,matched_cohort_30y_min_cagr,matched_cohort_30y_median_cagr,matched_switch_count,matched_switches_per_year
UPRO_SMA_TO_SP500,LAG1,IMMEDIATE_NEXT_RETURN,0,1986-09-26,1986-09-29,2026-09-02,10059,0.1820486561,-0.7545798271,795.5022068,39.93429158,0.3756149946,0.5519029794,5051,1999-07-16,2009-03-09,2013-05-14,True,1527,5051,2000,-0.4867144888,1995,1.22788602,-0.5396321429,-0.1781849935,-0.1187757356,0.04573085479,240,0.05652924637,0.137690185,0.1373314859,120,0.1415395925,0.1644883309,261,6.535736323,2.514862312,7955022.068,0.03782516857,3.664812096,0.146714022,0.0353346341,1986-09-26,1986-09-29,2026-09-02,10059,0.1442234876,-0.9530045764,217.064937,39.93429158,0.4614411217,0.4608056621,6272,2000-03-23,2009-03-09,2017-05-25,True,2999,6272,2008,-0.7848005853,1995,0.9823600022,-0.8679045807,-0.3159866291,-0.2412088422,-0.01974778601,240,-0.0005108370829,0.0800590971,0.09067192877,120,0.09403951904,0.1309848006,0,0
UPRO_SMA_TO_SP500,LAG1,IMMEDIATE_NEXT_RETURN,25,1986-09-26,1986-09-29,2026-09-02,10059,0.162867902,-0.8035921934,413.9133428,39.93429158,0.3756612594,0.5083020152,5248,1999-07-16,2009-03-09,2013-11-27,True,1724,5248,2000,-0.5129988387,1995,1.22788602,-0.5566084725,-0.1968966858,-0.1390501767,0.02615354587,240,0.03674977888,0.1175757595,0.1183239324,120,0.1224617114,0.1446944516,261,6.535736323,2.514862312,4139133.428,0.01864441448,1.906864133,0.146714022,0.01615388001,1986-09-26,1986-09-29,2026-09-02,10059,0.1442234876,-0.9530045764,217.064937,39.93429158,0.4614411217,0.4608056621,6272,2000-03-23,2009-03-09,2017-05-25,True,2999,6272,2008,-0.7848005853,1995,0.9823600022,-0.8679045807,-0.3159866291,-0.2412088422,-0.01974778601,240,-0.0005108370829,0.0800590971,0.09067192877,120,0.09403951904,0.1309848006,0,0
VOL_BINARY,LAG1,IMMEDIATE_NEXT_RETURN,0,1986-09-26,1986-09-29,2026-09-02,10059,0.168706913,-0.8974679922,505.5634729,39.93429158,0.3902391224,0.5167454153,5702,1999-07-16,2009-03-09,2015-02-24,True,2178,5702,2008,-0.6633746293,1995,1.22788602,-0.7333888833,-0.3058935953,-0.1928608418,0.03026668787,240,0.03419666436,0.08463530942,0.1163882634,120,0.1205188805,0.1400279501,211,5.283679556,2.608112138,5055634.729,0.02504246462,2.374988769,0.1456674877,0.02303942533,1986-09-26,1986-09-29,2026-09-02,10059,0.1436644484,-0.960600477,212.8698373,39.93429158,0.4785515854,0.4609518417,6382,2000-03-23,2009-03-09,2017-09-12,True,3109,6382,2008,-0.8011347773,1995,1.027587514,-0.8803888411,-0.3305547888,-0.2541413127,-0.02563612586,240,-0.005869318447,0.07708570087,0.08814748645,120,0.0916351731,0.1305830935,0,0
VOL_BINARY,LAG1,IMMEDIATE_NEXT_RETURN,25,1986-09-26,1986-09-29,2026-09-02,10059,0.1533516677,-0.914399439,298.1250768,39.93429158,0.3902791304,0.4828415385,6525,1999-04-12,2009-03-09,2017-02-21,True,2906,6525,2008,-0.6790096122,1995,1.22788602,-0.7470142693,-0.3274466019,-0.2084605726,0.01513108564,240,0.01890786272,0.06839165018,0.1025036398,120,0.106582884,0.1238628419,211,5.283679556,2.608112138,2981250.768,0.009687219295,1.400504085,0.1456674877,0.007684180001,1986-09-26,1986-09-29,2026-09-02,10059,0.1436644484,-0.960600477,212.8698373,39.93429158,0.4785515854,0.4609518417,6382,2000-03-23,2009-03-09,2017-09-12,True,3109,6382,2008,-0.8011347773,1995,1.027587514,-0.8803888411,-0.3305547888,-0.2541413127,-0.02563612586,240,-0.005869318447,0.07708570087,0.08814748645,120,0.0916351731,0.1305830935,0,0
REL_VOL,LAG1,IMMEDIATE_NEXT_RETURN,0,1986-09-26,1986-09-29,2026-09-02,10059,0.1308075118,-0.965058382,135.5312066,39.93429158,0.3760486007,0.4335466575,7521,1999-12-31,2009-03-09,2020-08-03,True,4165,7521,2008,-0.6188430959,1995,0.8391718745,-0.7810272517,-0.3220162586,-0.2665175845,-0.03004770477,240,-0.0248928541,0.02627651505,0.05725672251,120,0.05995829732,0.08139539355,495,12.39536199,2.21602545,1355312.066,-0.01264905716,0.6413245674,0.1474476784,-0.01664016661,1986-09-26,1986-09-29,2026-09-02,10059,0.1434565689,-0.9194629373,211.3301337,39.93429158,0.4066074854,0.4602543149,5963,2000-03-23,2009-03-09,2016-07-20,True,2690,5963,2008,-0.7257992794,1995,0.8434265856,-0.8205734073,-0.2694374515,-0.2005243943,-0.002985935195,240,0.01443342381,0.0872754922,0.09590047317,120,0.09929212114,0.1304429193,0,0
REL_VOL,LAG1,IMMEDIATE_NEXT_RETURN,25,1986-09-26,1986-09-29,2026-09-02,10059,0.09626043614,-0.9733353012,39.25789076,39.93429158,0.3760630299,0.3509830084,8263,1999-12-31,2009-03-09,2022-08-15,True,4907,8263,2008,-0.6356354898,1995,0.7625509946,-0.7885730689,-0.346022271,-0.2908796644,-0.06215893439,240,-0.05599871466,-0.004427998185,0.02486072317,120,0.02747951751,0.0497662887,495,12.39536199,2.21602545,392578.9076,-0.04719613277,0.1857657026,0.1474476784,-0.05118724222,1986-09-26,1986-09-29,2026-09-02,10059,0.1434565689,-0.9194629373,211.3301337,39.93429158,0.4066074854,0.4602543149,5963,2000-03-23,2009-03-09,2016-07-20,True,2690,5963,2008,-0.7257992794,1995,0.8434265856,-0.8205734073,-0.2694374515,-0.2005243943,-0.002985935195,240,0.01443342381,0.0872754922,0.09590047317,120,0.09929212114,0.1304429193,0,0
EFFICIENCY,LAG1,IMMEDIATE_NEXT_RETURN,0,1986-09-26,1986-09-29,2026-09-02,10059,0.09428396394,-0.5613715647,36.52836429,39.93429158,0.2247502109,0.3752508425,2467,2007-06-04,2009-03-09,2013-11-15,True,1712,2356,2008,-0.3699761113,1995,0.8528071756,-0.4751914483,-0.09875876636,-0.05890440453,0.025025751,240,0.03344105054,0.07501651821,0.07428696622,120,0.07458409454,0.09124579495,370,9.265220074,1.281340093,365283.6429,-0.0229374694,0.436740057,0.1257908228,-0.03150685889,1986-09-26,1986-09-29,2026-09-02,10059,0.1172214333,-0.6640516555,83.63868555,39.93429158,0.2351040763,0.4568696825,2755,2007-10-09,2009-03-09,2013-03-05,True,1457,1974,2008,-0.4719227264,1995,0.4633449384,-0.5829107906,-0.1292773987,-0.08446513503,0.02762249433,240,0.03833790748,0.08522694637,0.08674488134,120,0.09248798668,0.1066463479,0,0
EFFICIENCY,LAG1,IMMEDIATE_NEXT_RETURN,25,1986-09-26,1986-09-29,2026-09-02,10059,0.06919730299,-0.6248804577,14.467878,39.93429158,0.2248269905,0.2720038981,6017,2000-09-01,2009-03-09,2017-02-21,True,2906,6017,2008,-0.3699761113,1995,0.7711791962,-0.4751914483,-0.1135275566,-0.07478103763,0.002944829822,240,0.01117884849,0.05003403802,0.04869083889,120,0.04942089112,0.06646549711,370,9.265220074,1.281340093,144678.78,-0.04802413036,0.1729806956,0.1257908228,-0.05659351985,1986-09-26,1986-09-29,2026-09-02,10059,0.1172214333,-0.6640516555,83.63868555,39.93429158,0.2351040763,0.4568696825,2755,2007-10-09,2009-03-09,2013-03-05,True,1457,1974,2008,-0.4719227264,1995,0.4633449384,-0.5829107906,-0.1292773987,-0.08446513503,0.02762249433,240,0.03833790748,0.08522694637,0.08674488134,120,0.09248798668,0.1066463479,0,0
TREND_QUALITY,LAG1,IMMEDIATE_NEXT_RETURN,0,1986-09-26,1986-09-29,2026-09-02,10059,0.1350799636,-0.7899962287,157.5587774,39.93429158,0.3968493395,0.4513700232,4956,1987-08-25,1987-12-04,1996-02-05,True,2985,3086,2000,-0.468371998,2013,1.18798752,-0.7720161926,-0.1892327691,-0.112641156,0.03604063235,240,0.04290532291,0.1234038407,0.1008763633,120,0.1049495867,0.1526451893,73,1.828002879,2.367332737,1575587.774,-0.009247757864,0.7232244527,0.1475678805,-0.01248791692,1986-09-26,1986-09-29,2026-09-02,10059,0.1443277215,-0.9383805435,217.8559876,39.93429158,0.4343708671,0.4605508705,6152,2000-03-23,2009-03-09,2017-01-25,True,2879,6152,2008,-0.7569651845,1995,0.9126440334,-0.8459976418,-0.2929662743,-0.2209659254,-0.01106645627,240,0.007295479645,0.084063996,0.09392228336,120,0.09709668186,0.1311895005,0,0
TREND_QUALITY,LAG1,IMMEDIATE_NEXT_RETURN,25,1986-09-26,1986-09-29,2026-09-02,10059,0.1298980097,-0.7905212381,131.24556,39.93429158,0.3968635621,0.4398312026,4984,1987-08-25,1987-12-04,1996-02-08,True,2988,3089,2000,-0.4723492483,2013,1.18798752,-0.7731492714,-0.1944929391,-0.117513645,0.02983526335,240,0.03665883782,0.1180826687,0.09556191091,120,0.09961547089,0.1470082784,73,1.828002879,2.367332737,1312455.6,-0.0144297118,0.6024418309,0.1475678805,-0.01766987085,1986-09-26,1986-09-29,2026-09-02,10059,0.1443277215,-0.9383805435,217.8559876,39.93429158,0.4343708671,0.4605508705,6152,2000-03-23,2009-03-09,2017-01-25,True,2879,6152,2008,-0.7569651845,1995,0.9126440334,-0.8459976418,-0.2929662743,-0.2209659254,-0.01106645627,240,0.007295479645,0.084063996,0.09392228336,120,0.09709668186,0.1311895005,0,0
LOW_CHURN,LAG1,IMMEDIATE_NEXT_RETURN,0,1986-09-26,1986-09-29,2026-09-02,10059,0.115439146,-0.7913204744,78.47253453,39.93429158,0.3586103534,0.4083985939,6390,1987-08-25,1987-12-04,1995-09-12,True,2839,2940,2008,-0.5559413728,1995,1.095067965,-0.7279182034,-0.1799693894,-0.1196168048,-0.004017708139,240,0.004924832042,0.07378614068,0.05536956218,120,0.05690419759,0.1031847459,542,13.57229535,1.744209166,784725.3453,-0.01913624577,0.5069747195,0.1409158368,-0.02547669085,1986-09-26,1986-09-29,2026-09-02,10059,0.1345753917,-0.8261347487,154.7858927,39.93429158,0.3200343288,0.4589992042,5026,2000-03-23,2009-03-09,2013-12-26,True,1753,5026,2008,-0.6108977958,1995,0.6417443505,-0.7193986892,-0.1971971967,-0.1394127657,0.01669249213,240,0.03090181657,0.09094052584,0.09522939925,120,0.1001563592,0.1224392803,0,0
LOW_CHURN,LAG1,IMMEDIATE_NEXT_RETURN,25,1986-09-26,1986-09-29,2026-09-02,10059,0.0781805641,-0.857974993,20.20746533,39.93429158,0.3587998515,0.3136628347,8036,1999-08-25,2011-10-03,2021-08-25,True,3614,8036,2008,-0.5581588905,1995,1.05867811,-0.7398492564,-0.2086088438,-0.1460850409,-0.0357810661,240,-0.02664086634,0.04064936069,0.02243407458,120,0.0240916914,0.06677141485,542,13.57229535,1.744209166,202074.6533,-0.05639482762,0.1305510791,0.1409158368,-0.06273527271,1986-09-26,1986-09-29,2026-09-02,10059,0.1345753917,-0.8261347487,154.7858927,39.93429158,0.3200343288,0.4589992042,5026,2000-03-23,2009-03-09,2013-12-26,True,1753,5026,2008,-0.6108977958,1995,0.6417443505,-0.7193986892,-0.1971971967,-0.1394127657,0.01669249213,240,0.03090181657,0.09094052584,0.09522939925,120,0.1001563592,0.1224392803,0,0
AO,LAG1,IMMEDIATE_NEXT_RETURN,0,1986-09-26,1986-09-29,2026-09-02,10059,0.120830346,-0.8263354273,95.13493897,39.93429158,0.3645169588,0.4113678495,5373,1999-07-16,2009-03-09,2014-04-01,True,1849,5373,2022,-0.4744248033,1995,1.135877613,-0.59824031,-0.2115239729,-0.1409982094,0.01574875086,240,0.01833628995,0.06922273855,0.07203350964,120,0.07463379432,0.1001436286,423,10.59240025,2.305099911,951349.3897,-0.02325799073,0.4403510116,0.1476472403,-0.02681689433,1986-09-26,1986-09-29,2026-09-02,10059,0.1440883367,-0.9311219336,216.043421,39.93429158,0.4229517564,0.4604336103,6103,2000-03-23,2009-03-09,2016-12-07,True,2830,6103,2008,-0.7444723029,1995,0.8838984864,-0.8359170122,-0.283275886,-0.2125162788,-0.007641063689,240,0.01033861659,0.08549505321,0.09502239474,120,0.09811423764,0.1310549291,0,0
AO,LAG1,IMMEDIATE_NEXT_RETURN,25,1986-09-26,1986-09-29,2026-09-02,10059,0.09150298727,-0.8664738922,32.99883348,39.93429158,0.3645782783,0.3385971865,6723,1999-07-16,2009-03-09,2017-12-11,True,3199,6723,2022,-0.4861326781,1995,1.114598799,-0.6110774931,-0.2344756513,-0.1638999377,-0.01146301263,240,-0.009072506231,0.0402293455,0.04213682044,120,0.04466458882,0.07040933168,423,10.59240025,2.305099911,329988.3348,-0.05258534948,0.1527416726,0.1476472403,-0.05614425308,1986-09-26,1986-09-29,2026-09-02,10059,0.1440883367,-0.9311219336,216.043421,39.93429158,0.4229517564,0.4604336103,6103,2000-03-23,2009-03-09,2016-12-07,True,2830,6103,2008,-0.7444723029,1995,0.8838984864,-0.8359170122,-0.283275886,-0.2125162788,-0.007641063689,240,0.01033861659,0.08549505321,0.09502239474,120,0.09811423764,0.1310549291,0,0
UPRO_ALWAYS,LAG1,IMMEDIATE_NEXT_RETURN,0,1986-09-26,1986-09-29,2026-09-02,10059,0.1370317119,-0.9820109229,168.7478963,39.93429158,0.5504594435,0.4614668241,6733,2000-03-23,2009-03-09,2018-08-29,True,3460,6733,2008,-0.8597747321,1995,1.22788602,-0.9227273643,-0.3916285461,-0.3093660093,-0.05366050292,240,-0.03187310567,0.06090215039,0.07348140906,120,0.07745327156,0.1244216884,0,0,3,1687478.963,0,1,0.1370317119,0,1986-09-26,1986-09-29,2026-09-02,10059,0.1370317119,-0.9820109229,168.7478963,39.93429158,0.5504594435,0.4614668241,6733,2000-03-23,2009-03-09,2018-08-29,True,3460,6733,2008,-0.8597747321,1995,1.22788602,-0.9227273643,-0.3916285461,-0.3093660093,-0.05366050292,240,-0.03187310567,0.06090215039,0.07348140906,120,0.07745327156,0.1244216884,0,0
UPRO_ALWAYS,LAG1,IMMEDIATE_NEXT_RETURN,25,1986-09-26,1986-09-29,2026-09-02,10059,0.1370317119,-0.9820109229,168.7478963,39.93429158,0.5504594435,0.4614668241,6733,2000-03-23,2009-03-09,2018-08-29,True,3460,6733,2008,-0.8597747321,1995,1.22788602,-0.9227273643,-0.3916285461,-0.3093660093,-0.05366050292,240,-0.03187310567,0.06090215039,0.07348140906,120,0.07745327156,0.1244216884,0,0,3,1687478.963,0,1,0.1370317119,0,1986-09-26,1986-09-29,2026-09-02,10059,0.1370317119,-0.9820109229,168.7478963,39.93429158,0.5504594435,0.4614668241,6733,2000-03-23,2009-03-09,2018-08-29,True,3460,6733,2008,-0.8597747321,1995,1.22788602,-0.9227273643,-0.3916285461,-0.3093660093,-0.05366050292,240,-0.03187310567,0.06090215039,0.07348140906,120,0.07745327156,0.1244216884,0,0
SP500_1X,LAG1,IMMEDIATE_NEXT_RETURN,0,1986-09-26,1986-09-29,2026-09-02,10059,0.1126109603,-0.5525024107,70.90685227,39.93429158,0.1834804905,0.503182502,2243,2007-10-09,2009-03-09,2012-04-02,True,1120,1637,2008,-0.3699761113,1995,0.3757620118,-0.4751914483,-0.08198823669,-0.04562063179,0.0393487443,240,0.04788163336,0.08783863295,0.08754543031,120,0.0933527571,0.1030718628,0,0,1,709068.5227,0.009862394104,1.426984315,0.1126109603,0,1986-09-26,1986-09-29,2026-09-02,10059,0.1027485662,-0.5581297259,49.69000117,39.93429158,0.1834832253,0.4546120161,2518,2007-10-09,2009-03-09,2013-01-02,True,1395,1912,2008,-0.3755887752,1995,0.3636203132,-0.4798663438,-0.090134313,-0.05408711609,0.03013219093,240,0.03858970043,0.07819500042,0.07790446905,120,0.08366050348,0.09329342241,0,0
SP500_1X,LAG1,IMMEDIATE_NEXT_RETURN,25,1986-09-26,1986-09-29,2026-09-02,10059,0.1126109603,-0.5525024107,70.90685227,39.93429158,0.1834804905,0.503182502,2243,2007-10-09,2009-03-09,2012-04-02,True,1120,1637,2008,-0.3699761113,1995,0.3757620118,-0.4751914483,-0.08198823669,-0.04562063179,0.0393487443,240,0.04788163336,0.08783863295,0.08754543031,120,0.0933527571,0.1030718628,0,0,1,709068.5227,0.009862394104,1.426984315,0.1126109603,0,1986-09-26,1986-09-29,2026-09-02,10059,0.1027485662,-0.5581297259,49.69000117,39.93429158,0.1834832253,0.4546120161,2518,2007-10-09,2009-03-09,2013-01-02,True,1395,1912,2008,-0.3755887752,1995,0.3636203132,-0.4798663438,-0.090134313,-0.05408711609,0.03013219093,240,0.03858970043,0.07819500042,0.07790446905,120,0.08366050348,0.09329342241,0,0
UPRO_SMA_TO_SP500,LAG2,WAIT_ONE_TRADING_DAY,0,1986-09-26,1986-09-29,2026-09-02,10059,0.1907646498,-0.7329279136,1066.731032,39.93429158,0.377018683,0.5707563519,2863,1999-07-16,2002-10-09,2007-05-18,True,1682,2863,2000,-0.4619522097,1995,1.22788602,-0.541049496,-0.1445556152,-0.09780544068,0.08358870511,240,0.08848370485,0.1563549575,0.1459609602,120,0.1502009958,0.1828338407,261,6.535736323,2.514663485,10667310.32,0.04654038074,4.914206554,0.1467035995,0.04406105034,1986-09-26,1986-09-29,2026-09-02,10059,0.1442242691,-0.9529871044,217.0708578,39.93429158,0.4614046389,0.4608053389,6272,2000-03-23,2009-03-09,2017-05-25,True,2999,6272,2008,-0.7847647286,1995,0.9822645384,-0.8678768669,-0.3159555745,-0.2411813748,-0.01973556033,240,-0.0004997606082,0.08006507224,0.09067692087,120,0.09404425332,0.1309853062,0,0
UPRO_SMA_TO_SP500,LAG2,WAIT_ONE_TRADING_DAY,25,1986-09-26,1986-09-29,2026-09-02,10059,0.1714424639,-0.75410237,555.0383186,39.93429158,0.3769749479,0.5273566194,5017,1999-07-16,2002-10-09,2013-04-10,True,3836,5017,2000,-0.4895045875,1995,1.22788602,-0.54900495,-0.1627763701,-0.1185623481,0.0633026528,240,0.06810601239,0.1358319929,0.1268091874,120,0.1309783617,0.162505766,261,6.535736323,2.514663485,5550383.186,0.0272181948,2.556945341,0.1467035995,0.0247388644,1986-09-26,1986-09-29,2026-09-02,10059,0.1442242691,-0.9529871044,217.0708578,39.93429158,0.4614046389,0.4608053389,6272,2000-03-23,2009-03-09,2017-05-25,True,2999,6272,2008,-0.7847647286,1995,0.9822645384,-0.8678768669,-0.3159555745,-0.2411813748,-0.01973556033,240,-0.0004997606082,0.08006507224,0.09067692087,120,0.09404425332,0.1309853062,0,0
VOL_BINARY,LAG2,WAIT_ONE_TRADING_DAY,0,1986-09-26,1986-09-29,2026-09-02,10059,0.1654025877,-0.865934415,451.5138655,39.93429158,0.3890107803,0.5096019428,5793,1998-07-17,2002-10-09,2014-05-27,True,4248,5793,2008,-0.60045874,1995,1.22788602,-0.7090499796,-0.2947049322,-0.1649465306,0.03173701143,240,0.03448521772,0.09845858025,0.1209480213,120,0.1215723563,0.1403802132,211,5.283679556,2.607913311,4515138.655,0.02173653715,2.120960922,0.1456669931,0.01973559456,1986-09-26,1986-09-29,2026-09-02,10059,0.1436660505,-0.9605854995,212.8817466,39.93429158,0.4785151025,0.4609515411,6382,2000-03-23,2009-03-09,2017-09-12,True,3109,6382,2008,-0.8011009651,1995,1.027490109,-0.880363292,-0.3305237234,-0.2541136357,-0.02562324439,240,-0.005857547229,0.07709240319,0.08815325894,120,0.09164069132,0.1305842996,0,0
VOL_BINARY,LAG2,WAIT_ONE_TRADING_DAY,25,1986-09-26,1986-09-29,2026-09-02,10059,0.1500907568,-0.8894944055,266.252633,39.93429158,0.388967799,0.4755997859,6006,1998-07-17,2009-03-09,2014-12-26,True,2118,6006,2008,-0.6190159294,1995,1.22788602,-0.7155356612,-0.3166053629,-0.1810857666,0.01559661596,240,0.01830402694,0.08208647731,0.1033199676,120,0.1039328874,0.1237258969,211,5.283679556,2.607913311,2662526.33,0.006424706231,1.250706729,0.1456669931,0.004423763648,1986-09-26,1986-09-29,2026-09-02,10059,0.1436660505,-0.9605854995,212.8817466,39.93429158,0.4785151025,0.4609515411,6382,2000-03-23,2009-03-09,2017-09-12,True,3109,6382,2008,-0.8011009651,1995,1.027490109,-0.880363292,-0.3305237234,-0.2541136357,-0.02562324439,240,-0.005857547229,0.07709240319,0.08815325894,120,0.09164069132,0.1305842996,0,0
REL_VOL,LAG2,WAIT_ONE_TRADING_DAY,0,1986-09-26,1986-09-29,2026-09-02,10059,0.1548959827,-0.9590645577,314.4888358,39.93429158,0.3765169535,0.489284163,6935,2000-07-14,2009-03-09,2019-07-10,True,3775,6935,2008,-0.6226035103,1995,0.9583288065,-0.7791759994,-0.3125535232,-0.24872975,-0.008211877876,240,-0.001708842065,0.05735486906,0.08276509201,120,0.08553184756,0.1082234131,495,12.39536199,2.215826623,3144888.358,0.01144120246,1.488233016,0.1474423797,0.007453603,1986-09-26,1986-09-29,2026-09-02,10059,0.1434547802,-0.919435139,211.3169325,39.93429158,0.4065710027,0.4602538986,5963,2000-03-23,2009-03-09,2016-07-20,True,2690,5963,2008,-0.725756546,1995,0.8433371231,-0.8205379208,-0.2694066107,-0.2004977678,-0.002975872554,240,0.01444221862,0.08727911302,0.09590190897,120,0.09929438502,0.1304415886,0,0
REL_VOL,LAG2,WAIT_ONE_TRADING_DAY,25,1986-09-26,1986-09-29,2026-09-02,10059,0.119612985,-0.9681294232,91.09465396,39.93429158,0.3766195196,0.4068111767,7343,2000-07-14,2009-03-09,2020-08-21,True,4183,7343,2008,-0.639230234,1995,0.8720519259,-0.7867856109,-0.3368945917,-0.2736826397,-0.04104308163,240,-0.03475004476,0.02595642358,0.04958747634,120,0.05226945417,0.07497867028,495,12.39536199,2.215826623,910946.5396,-0.02384179523,0.4310807131,0.1474423797,-0.0278293947,1986-09-26,1986-09-29,2026-09-02,10059,0.1434547802,-0.919435139,211.3169325,39.93429158,0.4065710027,0.4602538986,5963,2000-03-23,2009-03-09,2016-07-20,True,2690,5963,2008,-0.725756546,1995,0.8433371231,-0.8205379208,-0.2694066107,-0.2004977678,-0.002975872554,240,0.01444221862,0.08727911302,0.09590190897,120,0.09929438502,0.1304415886,0,0
EFFICIENCY,LAG2,WAIT_ONE_TRADING_DAY,0,1986-09-26,1986-09-29,2026-09-02,10059,0.1124367813,-0.5539316045,70.46491195,39.93429158,0.2233565717,0.4492320996,2250,2007-06-04,2009-03-09,2013-08-01,True,1606,2250,2008,-0.3699761113,1995,0.9614367153,-0.4751914483,-0.08935312935,-0.04053948689,0.02670276372,240,0.03513183127,0.08894826384,0.08397737773,120,0.086747231,0.1014434564,370,9.265220074,1.281340093,704649.1195,-0.004784652038,0.8424918624,0.1257812017,-0.01334442042,1986-09-26,1986-09-29,2026-09-02,10059,0.1172214333,-0.6640516555,83.63868555,39.93429158,0.2351040763,0.4568696825,2755,2007-10-09,2009-03-09,2013-03-05,True,1457,1974,2008,-0.4719227264,1995,0.4633449384,-0.5829107906,-0.1292773987,-0.08446513503,0.02762249433,240,0.03833790748,0.08522694637,0.08674488134,120,0.09248798668,0.1066463479,0,0
EFFICIENCY,LAG2,WAIT_ONE_TRADING_DAY,25,1986-09-26,1986-09-29,2026-09-02,10059,0.08693396368,-0.5572687607,27.9092089,39.93429158,0.2234769762,0.3452703344,2759,2007-06-04,2009-03-09,2014-12-23,True,2115,2759,2008,-0.3699761113,1995,0.8750229115,-0.4751914483,-0.1047244232,-0.056725943,0.004585716632,240,0.01283320672,0.0642372601,0.06027367509,120,0.06298295903,0.07679735092,370,9.265220074,1.281340093,279092.089,-0.03028746967,0.3336877991,0.1257812017,-0.03884723805,1986-09-26,1986-09-29,2026-09-02,10059,0.1172214333,-0.6640516555,83.63868555,39.93429158,0.2351040763,0.4568696825,2755,2007-10-09,2009-03-09,2013-03-05,True,1457,1974,2008,-0.4719227264,1995,0.4633449384,-0.5829107906,-0.1292773987,-0.08446513503,0.02762249433,240,0.03833790748,0.08522694637,0.08674488134,120,0.09248798668,0.1066463479,0,0
TREND_QUALITY,LAG2,WAIT_ONE_TRADING_DAY,0,1986-09-26,1986-09-29,2026-09-02,10059,0.1401277482,-0.7874252071,188.1041154,39.93429158,0.3999662594,0.4622822577,4598,1987-08-25,1987-10-26,1996-01-31,True,3019,3081,2000,-0.4022624047,2013,1.18798752,-0.7574408567,-0.1858061737,-0.08626787897,0.04788322415,240,0.05482638241,0.1339584928,0.1100902936,120,0.1141976083,0.1575889679,73,1.828002879,2.36713391,1881041.154,-0.004199474656,0.8634483299,0.1475680809,-0.007440332739,1986-09-26,1986-09-29,2026-09-02,10059,0.1443272228,-0.9383584463,217.8521967,39.93429158,0.4343343843,0.4605505057,6152,2000-03-23,2009-03-09,2017-01-25,True,2879,6152,2008,-0.7569259886,1995,0.9125515739,-0.8459662504,-0.2929352906,-0.2209388408,-0.01105528736,240,0.007305439544,0.08406881271,0.09392605313,120,0.09710018883,0.1311893366,0,0
TREND_QUALITY,LAG2,WAIT_ONE_TRADING_DAY,25,1986-09-26,1986-09-29,2026-09-02,10059,0.1349227497,-0.7874252071,156.6896518,39.93429158,0.3999634747,0.4508309297,4970,1987-08-25,1987-10-26,1996-02-06,True,3025,3087,2000,-0.4067342384,2013,1.18798752,-0.7586463749,-0.1910885751,-0.09128518367,0.04160692391,240,0.0485084961,0.1292329125,0.1047313611,120,0.1088188479,0.1520171316,73,1.828002879,2.36713391,1566896.518,-0.009404473125,0.7192475182,0.1475680809,-0.01264533121,1986-09-26,1986-09-29,2026-09-02,10059,0.1443272228,-0.9383584463,217.8521967,39.93429158,0.4343343843,0.4605505057,6152,2000-03-23,2009-03-09,2017-01-25,True,2879,6152,2008,-0.7569259886,1995,0.9125515739,-0.8459662504,-0.2929352906,-0.2209388408,-0.01105528736,240,0.007305439544,0.08406881271,0.09392605313,120,0.09710018883,0.1311893366,0,0
LOW_CHURN,LAG2,WAIT_ONE_TRADING_DAY,0,1986-09-26,1986-09-29,2026-09-02,10059,0.1188010854,-0.824498061,88.49356399,39.93429158,0.3550016508,0.4171825855,5615,1999-08-25,2009-03-09,2015-01-08,True,2131,5615,2008,-0.5032230848,1995,1.080836476,-0.6802852337,-0.1968145677,-0.1468119343,-0.0002111638007,240,0.01024652185,0.08931501183,0.06712395318,120,0.06907077378,0.1086932048,542,13.57229535,1.744209166,884935.6399,-0.01577430635,0.571715952,0.1409436988,-0.02214261344,1986-09-26,1986-09-29,2026-09-02,10059,0.1345753917,-0.8261347487,154.7858927,39.93429158,0.3200343288,0.4589992042,5026,2000-03-23,2009-03-09,2013-12-26,True,1753,5026,2008,-0.6108977958,1995,0.6417443505,-0.7193986892,-0.1971971967,-0.1394127657,0.01669249213,240,0.03090181657,0.09094052584,0.09522939925,120,0.1001563592,0.1224392803,0,0
LOW_CHURN,LAG2,WAIT_ONE_TRADING_DAY,25,1986-09-26,1986-09-29,2026-09-02,10059,0.08143020596,-0.869054153,22.787981,39.93429158,0.3551150109,0.3214595898,7719,1999-08-25,2009-03-09,2020-10-12,True,4235,7719,2008,-0.5057038645,1995,1.044693812,-0.6950264131,-0.227947626,-0.1724625638,-0.03197478763,240,-0.02160879585,0.05307964877,0.03382163995,120,0.03588054569,0.07091071893,542,13.57229535,1.744209166,227879.81,-0.05314518577,0.1472225964,0.1409436988,-0.05951349286,1986-09-26,1986-09-29,2026-09-02,10059,0.1345753917,-0.8261347487,154.7858927,39.93429158,0.3200343288,0.4589992042,5026,2000-03-23,2009-03-09,2013-12-26,True,1753,5026,2008,-0.6108977958,1995,0.6417443505,-0.7193986892,-0.1971971967,-0.1394127657,0.01669249213,240,0.03090181657,0.09094052584,0.09522939925,120,0.1001563592,0.1224392803,0,0
AO,LAG2,WAIT_ONE_TRADING_DAY,0,1986-09-26,1986-09-29,2026-09-02,10059,0.1480722233,-0.7508215821,248.2149321,39.93429158,0.3671600343,0.4765363587,5017,1999-07-16,2003-03-31,2013-04-10,True,3663,5017,2022,-0.4681921727,1995,1.177859162,-0.5590310431,-0.1540943467,-0.1084714056,0.03905420904,240,0.04349735392,0.1092682602,0.1033938148,120,0.1055936539,0.1352714829,423,10.59240025,2.304901084,2482149.321,0.003984918586,1.148953635,0.1476251801,0.000447043152,1986-09-26,1986-09-29,2026-09-02,10059,0.1440873047,-0.9310976149,216.0356385,39.93429158,0.4229152737,0.4604332255,6103,2000-03-23,2009-03-09,2016-12-07,True,2830,6103,2008,-0.7444316644,1995,0.8838072699,-0.8358839761,-0.2832449524,-0.2124893745,-0.007630347177,240,0.01034809958,0.08549937885,0.09502565323,120,0.09811723144,0.1310541185,0,0
AO,LAG2,WAIT_ONE_TRADING_DAY,25,1986-09-26,1986-09-29,2026-09-02,10059,0.1180320606,-0.8038116058,86.09668857,39.93429158,0.3673755956,0.4042533845,5597,1999-07-16,2009-03-09,2014-11-11,True,2073,5597,2022,-0.4800388875,1995,1.156162104,-0.5699100074,-0.1783064243,-0.1322403265,0.01248072951,240,0.01541134091,0.07890701062,0.07262255468,120,0.07476104511,0.104105107,423,10.59240025,2.304901084,860966.8857,-0.02605524412,0.3985300257,0.1476251801,-0.02959311955,1986-09-26,1986-09-29,2026-09-02,10059,0.1440873047,-0.9310976149,216.0356385,39.93429158,0.4229152737,0.4604332255,6103,2000-03-23,2009-03-09,2016-12-07,True,2830,6103,2008,-0.7444316644,1995,0.8838072699,-0.8358839761,-0.2832449524,-0.2124893745,-0.007630347177,240,0.01034809958,0.08549937885,0.09502565323,120,0.09811723144,0.1310541185,0,0
UPRO_ALWAYS,LAG2,WAIT_ONE_TRADING_DAY,0,1986-09-26,1986-09-29,2026-09-02,10059,0.1370317119,-0.9820109229,168.7478963,39.93429158,0.5504594435,0.4614668241,6733,2000-03-23,2009-03-09,2018-08-29,True,3460,6733,2008,-0.8597747321,1995,1.22788602,-0.9227273643,-0.3916285461,-0.3093660093,-0.05366050292,240,-0.03187310567,0.06090215039,0.07348140906,120,0.07745327156,0.1244216884,0,0,3,1687478.963,0,1,0.1370317119,0,1986-09-26,1986-09-29,2026-09-02,10059,0.1370317119,-0.9820109229,168.7478963,39.93429158,0.5504594435,0.4614668241,6733,2000-03-23,2009-03-09,2018-08-29,True,3460,6733,2008,-0.8597747321,1995,1.22788602,-0.9227273643,-0.3916285461,-0.3093660093,-0.05366050292,240,-0.03187310567,0.06090215039,0.07348140906,120,0.07745327156,0.1244216884,0,0
UPRO_ALWAYS,LAG2,WAIT_ONE_TRADING_DAY,25,1986-09-26,1986-09-29,2026-09-02,10059,0.1370317119,-0.9820109229,168.7478963,39.93429158,0.5504594435,0.4614668241,6733,2000-03-23,2009-03-09,2018-08-29,True,3460,6733,2008,-0.8597747321,1995,1.22788602,-0.9227273643,-0.3916285461,-0.3093660093,-0.05366050292,240,-0.03187310567,0.06090215039,0.07348140906,120,0.07745327156,0.1244216884,0,0,3,1687478.963,0,1,0.1370317119,0,1986-09-26,1986-09-29,2026-09-02,10059,0.1370317119,-0.9820109229,168.7478963,39.93429158,0.5504594435,0.4614668241,6733,2000-03-23,2009-03-09,2018-08-29,True,3460,6733,2008,-0.8597747321,1995,1.22788602,-0.9227273643,-0.3916285461,-0.3093660093,-0.05366050292,240,-0.03187310567,0.06090215039,0.07348140906,120,0.07745327156,0.1244216884,0,0
SP500_1X,LAG2,WAIT_ONE_TRADING_DAY,0,1986-09-26,1986-09-29,2026-09-02,10059,0.1126109603,-0.5525024107,70.90685227,39.93429158,0.1834804905,0.503182502,2243,2007-10-09,2009-03-09,2012-04-02,True,1120,1637,2008,-0.3699761113,1995,0.3757620118,-0.4751914483,-0.08198823669,-0.04562063179,0.0393487443,240,0.04788163336,0.08783863295,0.08754543031,120,0.0933527571,0.1030718628,0,0,1,709068.5227,0.009862394104,1.426984315,0.1126109603,0,1986-09-26,1986-09-29,2026-09-02,10059,0.1027485662,-0.5581297259,49.69000117,39.93429158,0.1834832253,0.4546120161,2518,2007-10-09,2009-03-09,2013-01-02,True,1395,1912,2008,-0.3755887752,1995,0.3636203132,-0.4798663438,-0.090134313,-0.05408711609,0.03013219093,240,0.03858970043,0.07819500042,0.07790446905,120,0.08366050348,0.09329342241,0,0
SP500_1X,LAG2,WAIT_ONE_TRADING_DAY,25,1986-09-26,1986-09-29,2026-09-02,10059,0.1126109603,-0.5525024107,70.90685227,39.93429158,0.1834804905,0.503182502,2243,2007-10-09,2009-03-09,2012-04-02,True,1120,1637,2008,-0.3699761113,1995,0.3757620118,-0.4751914483,-0.08198823669,-0.04562063179,0.0393487443,240,0.04788163336,0.08783863295,0.08754543031,120,0.0933527571,0.1030718628,0,0,1,709068.5227,0.009862394104,1.426984315,0.1126109603,0,1986-09-26,1986-09-29,2026-09-02,10059,0.1027485662,-0.5581297259,49.69000117,39.93429158,0.1834832253,0.4546120161,2518,2007-10-09,2009-03-09,2013-01-02,True,1395,1912,2008,-0.3755887752,1995,0.3636203132,-0.4798663438,-0.090134313,-0.05408711609,0.03013219093,240,0.03858970043,0.07819500042,0.07790446905,120,0.08366050348,0.09329342241,0,0
